filename	text	duration	sampling_rate	speaker
khm_6753_0006275890.wav	តា ផឿង មាន ទម្ងន់ មួយ រយ ផោន	3.413	48000	6753
khm_6753_0007264957.wav	ពុទ្ធ ប្រវត្តិ មាន ប៉ុន្មាន ដំណាក់កាល	3.925	48000	6753
khm_6753_0010906676.wav	បើ យើង ស្គាល់ កូអ័រដោណេ វា យើង អាច នឹង រក វា ឃើញ	4.437	48000	6753
khm_6753_0014350464.wav	ឆោម ពុនយ៉ុង សម្រេចចិត្ត ទៅ បួស	3.499	48000	6753
khm_6753_0014442614.wav	គ្រឹះស្ថាន អង្គរ មីក្រូ ហិរញ្ញ វត្ថុ	4.437	48000	6753
khm_6753_0019223010.wav	ណូយ វ៉ាន់ណេត នៅតែ បន្ត ច្រៀង ចម្រៀង ពី ដើម	4.693	48000	6753
khm_6753_0024928814.wav	មេរៀន សង្ខេប វិភាគ សៀគ្វី អគ្គិសនី	6.229	48000	6753
khm_6753_0046228434.wav	មន្ទីរ សំរាក ព្យាបាល ផ្កា ឈូក ទិព្វ	4.181	48000	6753
khm_6753_0052127558.wav	គង់ សុជាតិ ជា ពិធីការី កម្មវិធី ពេញចិត្ត ឬ អត់	4.779	48000	6753
khm_6753_0053592926.wav	ក្រូហ្គឺ ជា មនុស្ស ខ្ជិល ច្រអូស	3.584	48000	6753
khm_6753_0056472664.wav	ទង់ ជាតិ ខ្មែរ សម័យ សង្គម រាស្ត្រ និយម	4.437	48000	6753
khm_6753_0057933737.wav	បាត់បង់ ស្នេហា គ្មាន អ្វី អស្ចារ្យ	4.011	48000	6753
khm_6753_0062259703.wav	អ៊ែរ អាស៊ី បើក ជើង ហោះហើរ ត្រង់ ពី បាងកក ទៅ សៀមរាប	7.168	48000	6753
khm_6753_0069138418.wav	ជ័យវរ្ម័ន ជា ព្រះ នាម ព្រះ មហា ក្សត្រ ខ្មែរ ក្នុង សម័យ ចេនឡា	5.461	48000	6753
khm_6753_0069876064.wav	ធនាគារ ពាណិជ្ជ ក្នុង ប្រទេស កម្ពុជា	4.523	48000	6753
khm_6753_0077702223.wav	សុខ អង្គុយ ធ្វើ មុខ ស្ញេញស្ញាញ មិន ហ៊ាន កម្រើក	4.267	48000	6753
khm_6753_0081981246.wav	ទែម៉ូម៉ែត្រ ប្រើ សម្រាប់ វាស់ សីតុណ្ហភាព	4.181	48000	6753
khm_6753_0084940458.wav	តើ អ្នក ធ្លាប់ ឮ ឈ្មោះ  រ៉ុកខឺហ្វេល័រ  ទេ	3.84	48000	6753
khm_6753_0087335582.wav	អ៊ីហ្ស៊ីខម ពង្រីក ការិយាល័យ របស់ ខ្លួន នៅ តាម បណ្ដា ខេត្ត	5.547	48000	6753
khm_6753_0087597709.wav	ហាង អាយវន្ត សាខា ផ្សារ សុវណ្ណា ជាន់ ផ្ទាល់ ដី មាន ចែក រង្វាន់ នៅ សប្តាហ៍ នេះ	8.021	48000	6753
khm_6753_0089132471.wav	ផែនការ អាជីវកម្ម ក្នុង ប្រទេស កម្ពុជា	4.352	48000	6753
khm_6753_0090925122.wav	ខ្ញុង ប្រកាស រក ប្ដី អ្នក មាន ទ្រព្យ ដោយ មិន ប្រកាន់ វ័យ	4.949	48000	6753
khm_6753_0093673435.wav	និស្សិត ម្នាក់ បាន តែង ខ្លួន ជា ស៊ុន អ៊ូខុង	5.888	48000	6753
khm_6753_0098687261.wav	ទីភ្នាក់ងារ និង សេវាកម្ម ដឹក ជញ្ជូន	4.096	48000	6753
khm_6753_0102593740.wav	កញ្ញា ទឹម រដ្ឋា បាន ចូលរួម ពិធី ខួប កំណើត របស់ កញ្ញា សាសា	5.547	48000	6753
khm_6753_0107471922.wav	លោក ប៊ុនញ៉ោង ជា ប៉ូលីស ផ្នែក ព្រហ្មទណ្ឌ	3.925	48000	6753
khm_6753_0110115605.wav	មធ្យោបាយ ការ ធ្វើ ដំណើរ មុន សម័យ អង្គរ	4.267	48000	6753
khm_6753_0121527975.wav	ស៊ីន អ៊ូខុង ទៅ ទិញ សំបុត្រ រថភ្លើង ផ្អើល អស់ អ្នក ធ្វើ ដំណើរ	6.912	48000	6753
khm_6753_0126013745.wav	យើង មិន អាច សុំ ការ អត្ថាធិប្បាយ ពី អ្នកនាង ខៀវ សាន សាណា បាន ទេ	6.741	48000	6753
khm_6753_0128396732.wav	ហ្គុដរីដ សាលា បង្រៀន បើកបរ	3.755	48000	6753
khm_6753_0141984170.wav	បេយ៉ា និង បេយ៉ុន ដើរ ទៅ ផ្ទះ ដេយ៉េស	4.267	48000	6753
khm_6753_0150673074.wav	ម្តាយ ក្មេក ឆ្នាស់ ប៉ះ កូន ប្រសា ឆ្នើម	4.181	48000	6753
khm_6753_0151094812.wav	អ្នក អាច លក់ ឥវ៉ាន់ តាម អ៊ីបេ បាន	5.291	48000	6753
khm_6753_0160693563.wav	ពិធី បើក ការដ្ឋាន សាងសង់ ស្ពាន កោះ ធំ	4.693	48000	6753
khm_6753_0173159899.wav	ប្រធាន អង្គភាព ប្រឆាំង អំពើ ពុករលួយ	4.523	48000	6753
khm_6753_0175526311.wav	គាត់ ដក ស្មៅ ពភឺស អម្បាញ់ មិញ សោះ  ម៉េច ថា គាត់ ឈឺ ធ្ងន់	4.864	48000	6753
khm_6753_0176991890.wav	អេនឌី បាន ចេញ បទ ថ្មី ជាមួយ សុគន្ធ នីសា	5.035	48000	6753
khm_6753_0180617253.wav	ភូមិ គំរូ មួយ នៅ ប្រទេស ឥណ្ឌា ដាំ ដើម ឈើ មួយ រយ ដប់ មួយ ដើម រាល់ ពេល មាន ក្មេង ស្រី ម្នាក់ កើត	9.984	48000	6753
khm_6753_0185341746.wav	បើ មិន ជួយ ចូក ជួយ ចែវ កុំ យក ជើង រា ទឹក	5.12	48000	6753
khm_6753_0191788234.wav	ប្រវត្តិ ប្រទេស កម្ពុជា សម័យ លង្វែក	4.096	48000	6753
khm_6753_0195337330.wav	ណាវឿន ជា អ្នក លក់ ម្ជូរ នៅ ផ្សារចាស់	3.84	48000	6753
khm_6753_0195364311.wav	បង ប្រុស របស់ អ្នកនាង សឿង សុធារ៉ា បាន ទទួល មរណភាព ដោយ ជំងឺ គាំង បេះដូង	6.997	48000	6753
khm_6753_0196622028.wav	ដើម ដំបូង នៃ ប្រវត្តិសាស្ត្រ ខ្មែរ	3.755	48000	6753
khm_6753_0201289133.wav	លោក ហ៊្វែងឃីង ជា ម្ចាស់ ក្រុមហ៊ុន រថយន្ត តូយ៉ូតា	4.523	48000	6753
khm_6753_0202836134.wav	ច្បាប់ ស្តីពី តំបន់ សេដ្ឋកិច្ច ពិសេស	4.181	48000	6753
khm_6753_0210836646.wav	ការ សមាធិ អាច ពន្យឺត ភាព សឹក រេច រឹល នៃ កោសិកា ខួរ ក្បាល	5.291	48000	6753
khm_6753_0212510892.wav	ឆៃយិន មាន កុំព្យូទ័រ ពីរ គ្រឿង	3.669	48000	6753
khm_6753_0216548314.wav	ស៊ុន ស្រីពេជ្រ ជា តារា ចម្រៀង ច្រៀង បទ ពី ដើម	5.12	48000	6753
khm_6753_0229722807.wav	ការិយាធិបតេយ្យ ជា បញ្ហា ចំពោះ វិនិយោគិន ចិន	4.693	48000	6753
khm_6753_0237337399.wav	សោថេង  និង  សោធន  ទៅ ផ្សារ ទំនើប	3.755	48000	6753
khm_6753_0239951450.wav	អតិថិជន របស់ ធនាគារ កម្ពុ ភាគ ច្រើន ជា ជន បរទេស	7.253	48000	6753
khm_6753_0243468598.wav	យាយ ណយ សំណាង និង គ្រួសារ ជន រង គ្រោះ ផ្សេង ទៀត ជា អ្នក ឈ្នះ ក្ដី	5.12	48000	6753
khm_6753_0247197144.wav	លោក មាស សាវឿន ជា គ្រូ ប្រវត្តិ វិទ្យា	3.925	48000	6753
khm_6753_0248028602.wav	សុភន បើក ហាង ថ្មី ឈ្មោះ ភីលភល	4.181	48000	6753
khm_6753_0248311749.wav	ជីវប្រវត្តិ របស់ ស្តេច នរោត្តម សីហនុ	4.523	48000	6753
khm_6753_0250354017.wav	ខ្ញុំ អត់ ប្រើ ធ្វីតធើ ផង	4.693	48000	6753
khm_6753_0252814529.wav	គុណ វិបត្តិ នៃ ការ ប្រើប្រាស់ គ្រឿង ញៀន	3.755	48000	6753
khm_6753_0253920391.wav	គេ ចំណាយ ពេល ប្រាំ ឆ្នាំ ដើម្បី សាងសង់ ប៊ើចជ៍ កាលីហ្វា	7.424	48000	6753
khm_6753_0254442678.wav	ដឹង ទេ ថា ស្រី ម្នាក់ នេះ កំពុង ចាំ បង	4.181	48000	6753
khm_6753_0258803953.wav	ច្បាប់ ក្នុង ព្រះ រាជាណាចក្រ កម្ពុជា	4.011	48000	6753
khm_6753_0259617302.wav	ពូ មឿន រត់ ឡាន ពី កំពត ទៅ ភ្នំពេញ	4.437	48000	6753
khm_6753_0260449268.wav	ប៉ាស៊ីហ្វិក ក្រោន ស៊ីបភីង អិល ធី ឌី	3.925	48000	6753
khm_6753_0261120954.wav	ច្បាប់ ស្តីពី ការ គ្រប់គ្រង រោងចក្រ	3.669	48000	6753
khm_6753_0271249294.wav	ព្រះ មហា ក្សត្រ ខ្មែរ សម័យ ក្រោយ អង្គរ	4.352	48000	6753
khm_6753_0273092473.wav	ត្រឹម សង្សារ លួចលាក់ តែ អូន ស្រលាញ់ បង	4.437	48000	6753
khm_6753_0276090961.wav	ការ ទប់ស្កាត់ ចំណាក ស្រុក ខុស ច្បាប់	3.84	48000	6753
khm_6753_0285042814.wav	បុស្បា ប៉ាន់ មាន ទេពកោសល្យ តាំងពី កំណើត	4.267	48000	6753
khm_6753_0293442585.wav	ហ៊ឹម ស៊ីវន នៅតែ មាន សំលេង ពីរោះ ក្រអួនក្រអៅ	5.376	48000	6753
khm_6753_0296666411.wav	គ្មាន អ្វី ឈឺ ចាប់ ជាង ពេល សង្សារ សុំ បែក	4.011	48000	6753
khm_6753_0300372342.wav	ផាលហ្វៀល កន្លែង វាយ កូន ហ្គោល ដ៏ ធំ	3.84	48000	6753
khm_6753_0302261468.wav	ប្រវត្តិសាស្ត្រ ខ្មែរ សម័យ បារាំង	3.584	48000	6753
khm_6753_0305494330.wav	ទួសឡេហ៊្សួ  មាន នៅ កន្លែង ណា ខ្លះ ក្នុង ក្រុង ភ្នំពេញ	4.693	48000	6753
khm_6753_0309028176.wav	សែលរ៉ាឌ័រ ជា អ្នក វិភាគ ផ្នែក សេដ្ឋកិច្ច	3.755	48000	6753
khm_6753_0310131241.wav	លោក អិច សេដា មិន បាន ជួប គ្រោះថ្នាក់ ចរាចរណ៍ នោះ ទេ	4.864	48000	6753
khm_6753_0314920746.wav	កញ្ញា ម៉ាក សែនសូនីតា មាន មុខ ស្រដៀង តារា ប្រុស រូប សង្ហារ លោក ចន អេឡិចហ្សូរ៉ា	7.765	48000	6753
khm_6753_0317057404.wav	លក្ខណៈ សម្បត្តិ នៃ រដ្ឋបាល សាធារណៈ	4.523	48000	6753
khm_6753_0337300617.wav	គាត់ ហ្នឹង មាត់ លលាម ណាស់	3.157	48000	6753
khm_6753_0342810448.wav	ហ្វ៊ូជីស៊ុ ដាក់ លក់ កាមេរ៉ា ខ្នាត តូច	4.011	48000	6753
khm_6753_0349396804.wav	បុគ្គលិក ក្រុមហ៊ុន ទឹក បរិសុទ្ធ វីតាល់ នាំ គ្នា បរិច្ចាគ ឈាម	4.864	48000	6753
khm_6753_0352499595.wav	ទង់ ជាតិ នៃ ព្រះ រាជាណាចក្រ កម្ពុជា	4.352	48000	6753
khm_6753_0354268277.wav	កូន ក្របី មួយ នេះ ខ្មៅញូញ	3.413	48000	6753
khm_6753_0355008352.wav	ប្រវត្តិ សេដ្ឋកិច្ច ប្រទេស កម្ពុជា	3.669	48000	6753
khm_6753_0355143096.wav	រជនី មាន សម្រស់ ស្រស់ ស្អាត ដាច់ គេ	3.84	48000	6753
khm_6753_0355386381.wav	ព្រាត់ ស្លាប់ ប្រសើរ ជាង ព្រាត់ រស់	3.84	48000	6753
khm_6753_0363891954.wav	វិទ្យាស្ថាន បច្ចេកវិទ្យា ភ្នំពេញ	3.925	48000	6753
khm_6753_0365990034.wav	រូប ចម្លាក់ សិលា ចាំ ប្ដី ខេត្ត កំពត	4.352	48000	6753
khm_6753_0374497501.wav	កុំព្យូទ័រ ដែល គ្មាន  សូហ្វវែរ  គឺ ដូច ដុំ ថ្ម អញ្ចឹង	4.864	48000	6753
khm_6753_0378782410.wav	កំណាត់ ផ្លូវ វ៉េងស្រេង ម្ដុំ សួន កាណាឌីយ៉ា កាលពី ម្សិល មិញ បាន បិទ ចរាចរ ទាំង ស្រុង	7.851	48000	6753
khm_6753_0381784733.wav	រដ្ឋមន្ត្រី ម៉ាំ ល្ហុង ច្រៀង ចម្រៀង ប្រពៃណី ពីរោះ ណាស់	5.291	48000	6753
khm_6753_0382090694.wav	ប្រវត្តិ របស់ សម្ដេច នរោត្តម សីហនុ	4.352	48000	6753
khm_6753_0385926979.wav	មន្ទីរ បង្អែក ស្រុក គៀនស្វាយ	3.84	48000	6753
khm_6753_0386140801.wav	មហា វិទ្យាល័យ គ្រប់គ្រង ពាណិជ្ជ កម្ម	3.925	48000	6753
khm_6753_0386668360.wav	តើ សម្ដេច សង្ឃ ទេព វង្ស គង់ នៅ វត្ត ណា	3.925	48000	6753
khm_6753_0388441963.wav	រូប៊ីហ្វល់ មិន ដែល ចេញ ទៅ ក្រៅ ទេ	3.669	48000	6753
khm_6753_0388549385.wav	ចំណុច សំខាន់ ក្នុង រឿង ព្រះ ថោង នាង នាគ	4.267	48000	6753
khm_6753_0401126088.wav	ទេសភាព អន្លង់ ផ្សោត នៅ ខេត្ត ក្រចេះ	4.608	48000	6753
khm_6753_0401585612.wav	អូរ៉រ ផ្តល់ ជូន សេវាកម្ម វេជ្ជសាស្ត្រ យ៉ាង ទូលំទូលាយ	6.656	48000	6753
khm_6753_0403517605.wav	ទិដ្ឋភាព ទូទៅ នៃ អក្សរ សាស្ត្រ ខ្មែរ	3.925	48000	6753
khm_6753_0408443868.wav	អនុសញ្ញា ទីក្រុង វីយ៉ែន ស្ដី ពី ទំនាក់ទំនង ការទូត របស់ ប្រទេស កម្ពុជា និង ឡាវ	9.045	48000	6753
khm_6753_0410289590.wav	រ៉ាសេម៉ិច ជា ក្រុមហ៊ុន រុស្ស៊ី	3.413	48000	6753
khm_6753_0411016732.wav	សុភឺន  មាន ផ្ទះ ធំ មួយ នៅ ភ្នំពេញ	4.011	48000	6753
khm_6753_0412013588.wav	ឃូន រៀបចំ កន្លែង សិក្សា បាន ល្អ	3.755	48000	6753
khm_6753_0412150005.wav	អ៊ីនស្តាហ្គ្រាម បាន ទទួល ការ ពេញ និយម ពី ស្រទាប់ យុវជន នៅ ថៃ	7.424	48000	6753
khm_6753_0420818905.wav	កង រាជ អាវុធហត្ថ ខេត្ត បន្ទាយមានជ័យ	4.267	48000	6753
khm_6753_0421655859.wav	ទឹកកក តំបន់ អង់តាកទិក រលាយ ប្រមាណ មួយ រយ ដប់ ប្រាំបី ពាន់ លាន តោន ក្នុង មួយ ឆ្នាំ	7.765	48000	6753
khm_6753_0425084047.wav	ជំងឺ គ្រុន ចាញ់ ក្នុង ប្រទេស កម្ពុជា	4.267	48000	6753
khm_6753_0425208948.wav	អេលីហ្សាប៊ែត មាន សម្រស់ ស្រស់ ស្អាត	5.035	48000	6753
khm_6753_0426886587.wav	ស្តុក ហូម មិន មាន អំពើ អនាចារ ឡើយ	4.437	48000	6753
khm_6753_0446870479.wav	ប្រធានាធិបតី អាហ្វហ្គានីស្ថាន គឺ លោក អាមីដ កាហ្សៃ	5.632	48000	6753
khm_6753_0447686235.wav	ប្រវត្តិ វិទ្យាល័យ ព្រះ ស៊ីសុវត្ថិ	3.669	48000	6753
khm_6753_0451134132.wav	ក្រុមហ៊ុន ខេមបូឌា ត្រួតពិនិត្យ ការ នាំចូល ទំនិញ	4.267	48000	6753
khm_6753_0462219009.wav	ប៉ារ៉ាហ្គាយ ធ្វើ ឱ្យ អាហ្សង់ទីន ស្រឡាំងកាំង	6.656	48000	6753
khm_6753_0471281977.wav	ផ្សារ ភាគហ៊ុន ក្នុង ក្រុង ហ្វ្រែង ហ្វឺត បាន ធ្លាក់ ចុះ ដល់ ទៅ ដប់ ភាគរយ	6.229	48000	6753
khm_6753_0473896291.wav	គុណ សម្បត្តិ នៃ ទំនប់ វារី អគ្គិសនី	4.437	48000	6753
khm_6753_0487505889.wav	សូ មុយឃៀង បាន សរសេរ សៀវភៅ	3.669	48000	6753
khm_6753_0488924766.wav	មន្ទីរពេទ្យ នៅ ភ្នំពេញ មាន បំពាក់ ម៉ាស៊ីន ឡាស៊ែរ ព្យាបាល ជំងឺ	5.205	48000	6753
khm_6753_0489676026.wav	ទឹក ស្រក កាល ណា ស្នេហា ឃ្លាត ទៅ ឆ្ងាយ	5.12	48000	6753
khm_6753_0490222294.wav	បើ បង មាន អ្នក ថ្មី អូន មាន អ្នក ផ្សេង	4.693	48000	6753
khm_6753_0494290658.wav	មូលហេតុ នៃ ការ ប្រែប្រួល អាកាសធាតុ	3.755	48000	6753
khm_6753_0500202906.wav	ព្រឹត្តិការណ៍ ប្រវត្តិសាស្ត្រ ខ្មែរ	3.243	48000	6753
khm_6753_0501950832.wav	ប្រវត្តិ របស់ ព្រះ បាទ នរោត្តម សីហនុ	4.779	48000	6753
khm_6753_0504689050.wav	រាល់ ព្រឹក នៅ តាម ផ្លូវ មាន ឡាន ម៉ូតូ កកកុញ	4.523	48000	6753
khm_6753_0508032859.wav	ខ្ញុំ ធ្លាប់ ឮ ឈ្មោះ ទីក្រុង អាំស្ទែរដាំ តែ មិន ដឹង ថា នៅ ក្នុង ប្រទេស ណា	5.632	48000	6753
khm_6753_0509351398.wav	ខាហ្សូល  ជា មជ្ឈមណ្ឌល កំសាន្ត ដែល ល្បី	4.096	48000	6753
khm_6753_0510146349.wav	និយមន័យ នៃ ការ ប្រែប្រួល អាកាសធាតុ	4.096	48000	6753
khm_6753_0514557765.wav	ដាហ្វុន ជា អ្វី	2.731	48000	6753
khm_6753_0528934551.wav	កញ្ញា មាន ស្រុក កំណើត នៅ ភូមិ បាក់ខែង ស្រុក មុខកំពូល	5.547	48000	6753
khm_6753_0529154973.wav	ប៉ូឡូញ ជា ប្រទេស មាន សត្វ ព្រៃ ច្រើន	3.755	48000	6753
khm_6753_0545161989.wav	ហ៊ីត្លែ បាន ចាញ់ សង្គ្រាម លោក លើក ទី មួយ	4.864	48000	6753
khm_6753_0547502132.wav	លៀស ហាល គាត់ យក មក ពី ស្រុក ស្អាង ព្រែក តូច ខេត្ត កណ្ដាល	5.717	48000	6753
khm_6753_0548497471.wav	ប្រសិទ្ធភាព សេដ្ឋកិច្ច នៃ ពូជ ស្រូវ	3.84	48000	6753
khm_6753_0554899403.wav	រោងចក្រ តម្បាញ សង្កាត់ ស្ទឹងមានជ័យ	4.267	48000	6753
khm_6753_0558065871.wav	ប្រវត្តិសាស្ត្រ ប្រទេស ឥណ្ឌូនេស៊ី	3.84	48000	6753
khm_6753_0567372850.wav	ខមមឹសល និង ខាធឹរីន សហការ បង្កើត ក្រុមហ៊ុន នៅ កម្ពុជា	5.376	48000	6753
khm_6753_0587734176.wav	នគរបាល បឹងទំពុន ឃាត់ ខ្លួន ចោរ គាស់ ផ្ទះ លួច ម៉ូតូ ពីរ នាក់ និង អ្នក ទិញ ម្នាក់	6.656	48000	6753
khm_6753_0589526164.wav	ចំនួន គ្រឹះស្ថាន មីក្រូ ហិរញ្ញ វត្ថុ	4.267	48000	6753
khm_6753_0590663616.wav	ដូហ្គា ដើរ ទៅ ផ្សារ ជាមួយ ដូហ្គាស	4.267	48000	6753
khm_6753_0594847066.wav	សុវិទ្យា  ចង់ ទិញ ស្បែក ជើង មួយ គូ	4.437	48000	6753
khm_6753_0599864618.wav	ជីវប្រវត្តិ ខ្មែរ សម័យ ខ្មែរ ក្រហម	4.181	48000	6753
khm_6753_0606262694.wav	កាហ្វេ និង ផ្ទះ សំណាក់ ស្វីស ហ្គាឌែន	3.413	48000	6753
khm_6753_0606999083.wav	អម្ពរ ទេវី ជា តារា សម្ដែង ដ៏ ស្រស់ ស្អាត	4.267	48000	6753
khm_6753_0608391796.wav	រូបភាព ពិធី បុណ្យ ច្រត់ ព្រះ នង្គ័ល	4.608	48000	6753
khm_6753_0615909012.wav	ឆ្នាំ ក្រោយ ខ្ញុំ ទៅ រៀន នៅ បាត់ដំបង	3.755	48000	6753
khm_6753_0619926241.wav	ច្បាប់ ស្តីពី ដី សម្បទាន សង្គមកិច្ច	4.096	48000	6753
khm_6753_0621542372.wav	ច្បាប់ ស្តីពី ធនាគារ ជាតិ នៃ កម្ពុជា	4.352	48000	6753
khm_6753_0623121220.wav	ដំណោះស្រាយ ក្នុង ប្រព័ន្ធ តុលាការ	3.84	48000	6753
khm_6753_0637921830.wav	បញ្ញាវតី ជា នារី ដ៏ ស្រស់ ស្អាត ម្នាក់	4.011	48000	6753
khm_6753_0654270582.wav	អ្នក ឯកទេស នៃ មន្ទីរ ពេទ្យ ក្វាងចូវ ផ្នែក មហារីក បាន ដាស់តឿន ថា រក្សា ទម្លាប់ ល្អ ក្នុង ជីវភាព អាច បង្ការ ជំងឺ មហារីក យ៉ាង មាន ប្រសិទ្ធភាព	12.459	48000	6753
khm_6753_0658212052.wav	ឈុត អាហារ ពេល ព្រឹក របស់ ប្រ៊េដ ថក កម្ពុជា មាន ដូចជា សាំង វិច ធូណា ឬ ឈីស និង ភេសជ្ជៈ ក្តៅ	7.424	48000	6753
khm_6753_0665557730.wav	ភ្នំ នាង កង្រី នៅ ក្នុង ខេត្ត កំពង់ឆ្នាំង	3.755	48000	6753
khm_6753_0675292903.wav	ដារូស្សាឡាម ជា ឈ្មោះ វិហារ សាសនា ឥស្លាម	4.864	48000	6753
khm_6753_0681867387.wav	ច្បាប់ ស្តីពី កិច្ចសន្យា ពាណិជ្ជ កម្ម	3.84	48000	6753
khm_6753_0681872982.wav	ពិធី ភ្ជាប់ ពាក្យ តាម ប្រពៃណី ខ្មែរ	4.181	48000	6753
khm_6753_0687993629.wav	ឌិសខោវើ ជា ហាង លក់ វ៉ែនតា	3.84	48000	6753
khm_6753_0690241257.wav	ភាគ ច្រើន ស្រី ស្អាត រៀន មិន សូវ ពូកែ ទេ	4.523	48000	6753
khm_6753_0694680087.wav	សហភាព អឺរ៉ុប ចាប់ផ្ដើម ប្រតិបត្តិការ ថ្មី	5.376	48000	6753
khm_6753_0698745040.wav	ប្រទេស ជាប់ តំបន់ អាកទិក ពិភាក្សា ពី បញ្ហា អាកាសធាតុ	5.803	48000	6753
khm_6753_0700677479.wav	តួនាទី រដ្ឋមន្ត្រី ក្រសួង មហា ផ្ទៃ	4.437	48000	6753
khm_6753_0704678353.wav	នាយ ចាប ចៀន ជា តារា កំប្លែង ដែល ចេះ ក្បាច់ គុន ខ្មែរ	4.779	48000	6753
khm_6753_0705353151.wav	ការាស សាំង ហ្នឹង នៅ ជាប់ នឹង ច្រក ចូល ផ្សារ ប៉េសេ	6.827	48000	6753
khm_6753_0705375349.wav	មិត្ត ម្នាក់ នេះ លួច ស្រលាញ់ អូន ហើយ	3.755	48000	6753
khm_6753_0715330548.wav	ការ បោះឆ្នោត ជ្រើសរើស តំណាង រាស្ត្រ	3.584	48000	6753
khm_6753_0723474665.wav	ហាសាវេ បាន មក បើក សាខា នៅ ខ្មែរ ក្នុង ឆ្នាំ ពីរ ពាន់	6.485	48000	6753
khm_6753_0748633984.wav	ការ ប្រមូល ពន្ធ ចូល ក្នុង ថវិកា ជាតិ	4.011	48000	6753
khm_6753_0754337591.wav	ឪពុក របស់ នាង ជា ជន ជាតិ អាល់ហ្សេរី និង ម្តាយ នាង ជា ជន ជាតិ អ៊ីតាលី	7.765	48000	6753
khm_6753_0757450618.wav	វ៉ន  វីវ៉ា  ឈ្នះ យ៉ាង ប្រផិតប្រផើយ	4.096	48000	6753
khm_6753_0760609301.wav	រ៉ូប៊ីន វីល្លៀម ទទួល រង នូវ ការ រិះគន់ ចំពោះ បទ ចម្រៀង ថ្មី	5.632	48000	6753
khm_6753_0761943238.wav	សេហ៊្វេក្លរ រោងចក្រ ផលិត ស្បែកជើង	3.84	48000	6753
khm_6753_0762961335.wav	នៅ តាម បណ្ដោយ ផ្លូវ ម៉ៅសេទុង មុខ រោង កុន មនោរម្យ ស្ថិត ក្នុង សង្កាត់ ផ្សារ ដើមគ	8.789	48000	6753
khm_6753_0773071165.wav	ព្រះវិហារ វត្ត នាគវ័ន បាន កសាង ឡើង នៅ ក្នុង ឆ្នាំ មួយ ពាន់ ប្រាំបួន រយ ហុក សិប ប្រាំពីរ	7.851	48000	6753
khm_6753_0777443983.wav	របាយការណ៍ សេដ្ឋកិច្ច ប្រចាំ ឆ្នាំ	4.011	48000	6753
khm_6753_0798290694.wav	ពាលញែក  ជា ឈ្មោះ ភូមិ មួយ នៅ ខេត្ត ពោធិ៍សាត់	4.352	48000	6753
khm_6753_0802866151.wav	អាបុត ជា ក្រុមហ៊ុន លក់ ផលិតផល ទឹក ដោះ គោ កំប៉ុង	6.656	48000	6753
khm_6753_0804928313.wav	ស៊ឺខា  ចេះ ដើរ តេះតះ ហើយ	3.499	48000	6753
khm_6753_0805587116.wav	អ៊ូ ចុង ជា កូន របស់ អ្នក ភិរម្យ ភាសា អ៊ូ ហៅ ងុយ	5.291	48000	6753
khm_6753_0809990774.wav	ខេត្ត កំពង់ឆ្នាំង មាន ប្រាំបី ស្រុក និង ហុក សិប ប្រាំបួន ឃុំ	5.035	48000	6753
khm_6753_0815137275.wav	ស្វាយអន្ទរ មាន កន្លែង កម្សាន្ត ច្រើន	4.181	48000	6753
khm_6753_0822767433.wav	បារម្ភ សង្សារ គេ ជាង សង្សារ ខ្លួនឯង	4.437	48000	6753
khm_6753_0822775575.wav	ណៃគី គឺ ជា ក្រុមហ៊ុន ផលិត ស្បែកជើង កីឡា	4.181	48000	6753
khm_6753_0830571707.wav	ឃ្លាំង ស្តុក ទំនិញ ម័រភីន នៅ ចំ កណ្ដាល ក្រុង	4.693	48000	6753
khm_6753_0830604904.wav	ប៊ិន ធំ ធំ ទាំង នេះ ទុក ដាក់ មឹក និង ក្ដាម	3.755	48000	6753
khm_6753_0832293801.wav	គាត់ ជា មនុស្ស មាន ស្នាដៃ គួរ អោយ ស្ញប់ស្ញែង	4.096	48000	6753
khm_6753_0842910223.wav	លិខិត បញ្ជាក់ ជា បុគ្គលិក ក្រុមហ៊ុន	3.84	48000	6753
khm_6753_0845701944.wav	ឃូរ៉ា និង ឃូល ច្រៀង ពិរោះ ដូច គ្នា	3.84	48000	6753
khm_6753_0854294859.wav	តា វីតាមីនសេ សម្រាក នៅ មន្ទីរ ពេទ្យ បង្អែក ភ្នំពេញ	5.376	48000	6753
khm_6753_0862719169.wav	ទម្រង់ ច្បាប់ ក្នុង ការ បើក អាជីវកម្ម	4.096	48000	6753
khm_6753_0867843669.wav	បុគ្គលិក កាល់ តិច ផ្តុំ គ្នា សុំ ឡើង ប្រាក់ ខែ	4.267	48000	6753
khm_6753_0869545357.wav	ខញ ទៅ រដ្ឋ កាលីហ្វញ៉ា កាលពី បី ខែ មុន	4.608	48000	6753
khm_6753_0871573005.wav	ព្រះ ករុណា ព្រះ បាទ នរោត្តម សីហមុនី	4.608	48000	6753
khm_6753_0886240704.wav	ស្វែងយល់ ពី ជំងឺ ថ្លើម ជាមួយ វេជ្ជបណ្ឌិត មក ពី មន្ទីរ ពេទ្យ បំរុងរ៉ាត់ អន្ដរជាតិ	7.936	48000	6753
khm_6753_0896575927.wav	ទោះ អូន ស្រលាញ់ អ្នក ណា ក៏ បង ថា អូន ស្មោះ	4.523	48000	6753
khm_6753_0897913407.wav	បច្ចេកវិទ្យា និង ការ អប់រំ នៅ កម្ពុជា	4.267	48000	6753
khm_6753_0899630932.wav	ភ្នែក កែក និង ភ្នែក ស្រលែវ ខុស គ្នា ម៉េច	4.267	48000	6753
khm_6753_0905190936.wav	ប៊ួខាវ  ជា កីឡា ករ ប្រដាល់ ដ៏ ល្បី មួយ រូប	4.523	48000	6753
khm_6753_0910439233.wav	ភ្លើង កំពុង ឆេះ ក្ដៅ គគុក	3.157	48000	6753
khm_6753_0914008823.wav	អម្ពរ ទេវី មិន ត្រឡប់ មក ស្រុក កំណើត វិញ ទេ	4.949	48000	6753
khm_6753_0917546586.wav	ក្រុមហ៊ុន សាំសុង ធ្លាប់ មាន កាមេរ៉ា តូច ដែល មាន វ៉ាយហ្វាយ	4.864	48000	6753
khm_6753_0924508066.wav	រីឃែរ កំពុង រៀន ភាសា ខ្មែរ	3.669	48000	6753
khm_6753_0925812321.wav	ទីតាំង ភូមិសាស្ត្រ ប្រទេស កម្ពុជា	3.925	48000	6753
khm_6753_0930197073.wav	មជ្ឈមណ្ឌល ថែ រក្សា សម្ផស្ស ហុងកុង	4.523	48000	6753
khm_6753_0931618450.wav	អង្គការ រ៉ូសា លុចហ្សំបួរ បាន ឧបត្ថម្ភ ថវិកា ដល់ កុមារ ឡាវ	8.107	48000	6753
khm_6753_0931760099.wav	ជួយ បង្រៀន អូន អោយ ចេះ កាត់ចិត្ត ពី បង	3.925	48000	6753
khm_6753_0942702178.wav	ក្រុមហ៊ុន អេសឺ បង្កើត ឡើង នៅ ឆ្នាំ មួយ ពាន់ ប្រាំបួន រយ ចិតសិប ប្រាំមួយ	8.704	48000	6753
khm_6753_0944719615.wav	ហ្វ៊ុនស៊ិនប៉ិច ជា ឈ្មោះ គណបក្ស នយោបាយ មួយ នៅ កម្ពុជា	4.864	48000	6753
khm_6753_0951162442.wav	កញ្ញា មុនីនាថ បាន ភ្ជាប់ ចំណង ស្នេហ៍ ជាមួយ បុរស អាមេរិក	4.949	48000	6753
khm_6753_0954852903.wav	ដឹង ឆ្លើយ ព្រោះ ដង កូន ឆ្គង ព្រោះ មេបា	5.376	48000	6753
khm_6753_0960501147.wav	អ្នក ប្រើ ម្នាក់ ទៀត បាន និយាយ ថា អ្វី ដែល រំភើប បំផុត សម្រាប់ ខ្ញុំ គឺ មើល អ្នក ចម្រៀង អង់គ្លេស អាដេឡេ សម្ដែង នៅ ពិធី អូស្កា	12.288	48000	6753
khm_6753_0961205358.wav	ហ័រវៃ ជា ក្រុមហ៊ុន លក់ ទូរសព្ទ ដ៏ ធំ របស់ ចិន	6.4	48000	6753
khm_6753_0961430490.wav	កាត់មីញ៉ូម  និង  ក្រូមីញ៉ូម  ជា ឈ្មោះ សារធាតុ គីមី	4.693	48000	6753
khm_6753_0963663775.wav	ក្រុមហ៊ុន អ៊ីហ្ស៊ីខម ជឿជាក់ លើ គុណ តម្លៃ នៃ មិត្តភាព និង កិច្ច សហ ប្រតិបត្តិការ	6.912	48000	6753
khm_6753_0965193157.wav	ឪពុក ម្ដាយ គឺ ជា បុព្វការីជន របស់ យើង	4.267	48000	6753
khm_6753_0969373489.wav	អាឌីដាស គឺ ម៉ាក ល្បី របស់ អាល្លឺម៉ង់	5.376	48000	6753
khm_6753_0972384937.wav	ភូមិ ឆ្កែខាំប្រើស ស្ថិត នៅ ក្នុង ខេត្ត បាត់ដំបង	4.352	48000	6753
khm_6753_0978086553.wav	ធ្វើ យ៉ាង ណា ដើម្បី ការពារ ប្រាសាទ បុរាណ ខ្មែរ	4.437	48000	6753
khm_6753_0980547525.wav	តារា ចម្រៀង ស្រី ល្បី នៅ ស្រុក ខ្មែរ	3.925	48000	6753
khm_6753_0984511203.wav	ហ៊្សូក្លរេរ៉ា ជា ក្មេង ស្រី គួរ អោយ ស្រលាញ់	4.267	48000	6753
khm_6753_0984839283.wav	កិច្ច ពិភាក្សា រវាង អ្នក តំណាង រាស្ត្រ	3.669	48000	6753
khm_6753_0988212583.wav	អ្នក ប្រាជ្ញ អង់គ្លេស ខាង រូប វិទ្យា អ៊ីសាក់ ញូតុន	5.461	48000	6753
khm_6753_0988676901.wav	ខ្ញុំ ជិះ ម៉ូតូ បុក ថ្ម បែក កាទែរ	4.096	48000	6753
khm_6753_0989351439.wav	ចម្រៀង អត្ថាធិប្បាយ ស៊ិន ស៊ីសាមុត	4.096	48000	6753
khm_6753_0995161946.wav	យុវជន និង ការ ប្រើប្រាស់ គ្រឿង ញៀន	3.755	48000	6753
khm_6753_1015573186.wav	អ៊ូ ចុង មាន ឈាមជ័រ ជា អ្នក លេង ចាប៉ី ដង វែង	5.291	48000	6753
khm_6753_1021581617.wav	តើ លោក វ៉ុល ធែរ ជា អ្នក ទស្សនៈ វិទូ អង់គ្លេស ឬ	4.437	48000	6753
khm_6753_1025161831.wav	លោក នូ ហាច កើត នៅ ឃុំ កំពង់ ព្រះ ស្រុក សង្កែ ខេត្ត បាត់ដំបង	5.376	48000	6753
khm_6753_1025508051.wav	គៀរហ្គីស្តង់ ជា ប្រទេស ដែល ជួប វិបត្តិ សង្គ្រាម មិន ស្រាកស្រាន្ត	5.12	48000	6753
khm_6753_1030959111.wav	ភ្លើង ឆេះ យ៉ាង ខ្លាំង កាលពី ម្សិល មិញ	3.669	48000	6753
khm_6753_1032825685.wav	តួលេខ លក់ ទំនិញ របស់ អាលី បាបា បាន ខ្ទង់ បី រយ ពាន់ លាន ដុល្លារ អាមេរិក នៅ ឆ្នាំ ពីរ ពាន់ ដប់ បួន	7.851	48000	6753
khm_6753_1049864117.wav	ខេមរៈ ស្រីពៅ បាន ទស្សនិកជន នៅ ក្រៅ ប្រទេស គាំទ្រ	5.12	48000	6753
khm_6753_1053458684.wav	ប្រវត្តិសាស្ត្រ នៃ ប្រទេស កម្ពុជា	3.84	48000	6753
khm_6753_1056541848.wav	ពែអុកស៊ីដាស និង អាកទែការ៉ូទីត មាន អន្តរ កម្ម និង គ្នា	5.547	48000	6753
khm_6753_1062333536.wav	ប្យូម ជា ធាតុ គីមី ដែល គេ មិន សូវ ស្គាល់	4.181	48000	6753
khm_6753_1069036884.wav	ពេល បាយ ហើយ ដាក់ ហ្សែនចា មួយ ដប ទៅ ដូចជា មាន ជាតិ	6.4	48000	6753
khm_6753_1076291708.wav	ច្បាប់ ស្ដីពី មន្ត្រី រាជការ ស៊ីវិល	5.12	48000	6753
khm_6753_1078248001.wav	ខៀវ សាន សាណា លូក ចូល អាជីព សម្ដែង	4.267	48000	6753
khm_6753_1084301849.wav	កីឡា ករ ប្រដាល់ កែវ រំចង់ នឹង ទៅ ប្រកួត នៅ ប្រទេស ថៃ	5.632	48000	6753
khm_6753_1085820637.wav	ណារិទ្ធ ដាក់ ពាក្យ ប្រលង ចម្រៀង	3.328	48000	6753
khm_6753_1092089564.wav	ដូហ្គ្រី និង ដូហ្គ្រីប មិន ទៅ សាលា ទេ ថ្ងៃ នេះ	4.693	48000	6753
khm_6753_1093136626.wav	អាន វិសាល បដិសេធ មិន ចូល ច្រៀង នៅ ផលិតកម្ម ថោន	5.461	48000	6753
khm_6753_1109323833.wav	គាត់ ដឹក ឈាម គោ ពីរ ប៊ីដុង ពី ជ្រោយចង្វារ យក មក ឱ្យ ម៉ូយ នៅ ផ្សារ ដើមគ	6.571	48000	6753
khm_6753_1112927902.wav	ហារី ទ្រូម៉ាន់ មិន មែន ជា ឈ្មោះ វចនានុក្រម ទេ តែ គឺ ជា ឈ្មោះ ប្រធានាធិបតី ម្នាក់	7.424	48000	6753
khm_6753_1120146959.wav	លោក  ឈឹម  ផលវរុណ  ជា អ្នក វិភាគ នយោបាយ	4.267	48000	6753
khm_6753_1127286141.wav	ជា វណ្ណារិទ្ធ បាន ធ្វើ ឱ្យ ប្រពន្ធ ភ្ញាក់ ផ្អើល ក្នុង ថ្ងៃ ខួប កំណើត	5.803	48000	6753
khm_6753_1132914284.wav	សុឈិន ធ្វើការ នៅ រោងចក្រ កាត់ដេរ	3.755	48000	6753
khm_6753_1139123349.wav	វេជ្ជបណ្ឌិត នៅ ទីក្រុង សាន់ហ្វ្រាន់ស៊ីស្កូ ក៏ យល់ព្រម នឹង គំនិត នេះ ដែរ	5.632	48000	6753
khm_6753_1139434339.wav	លោក ឌឹក គាម ធ្លាប់ បាន ធ្វើការ នៅ ពុទ្ធសាសនបណ្ឌិត្យ	4.267	48000	6753
khm_6753_1140131369.wav	បញ្ឈប់ ការ ប្រើ អំពើ ហិង្សា លើ ស្ដ្រី	4.437	48000	6753
khm_6753_1142453337.wav	ដូមីណូ គឺ ជា ហាង លក់ នំ ភីហ្សា ពី អ៊ីតាលី	4.437	48000	6753
khm_6753_1147933236.wav	តាំង ស្រ៊ុយទ្រី លក់ ម៉ាស៊ីន ត្រជាក់	4.181	48000	6753
khm_6753_1151720440.wav	វែរហោស សម្រាប់ ជួល ដាក់ ឥវ៉ាន់	3.328	48000	6753
khm_6753_1155733259.wav	តើ មេគង្គ និង កាណាឌីយ៉ា ថោវើ មាន កម្ពស់ ប៉ុន្មាន ជាន់	5.12	48000	6753
khm_6753_1161644977.wav	យើង អាច បង់ ថ្លៃ ទឹក ភ្លើង នៅ បញ្ជរ ធនាគារ អេស៊ីលីដា បាន	5.632	48000	6753
khm_6753_1164625031.wav	ចិត្ត ក្បត់ ក្នុង ខ្លួន មនុស្ស ក្បត់	3.755	48000	6753
khm_6753_1172186784.wav	អូបាម៉ា មាន ប្រពន្ធ ដ៏ ពូកែ ម្នាក់	5.888	48000	6753
khm_6753_1173249378.wav	អម្រឹត បាន ផ្តល់ រង្វាន់ ជា ច្រើន សម្រាប់ ឆ្នាំ ថ្មី នេះ	6.912	48000	6753
khm_6753_1178930934.wav	ពេទ្យ ស្ម័គ្រ ចិត្ត ទូរទស្សន៍ បាយ័ន	3.584	48000	6753
khm_6753_1180255229.wav	ថេលេហ្វលីកា ហាង លក់ ទូរស័ព្ទដៃ	3.669	48000	6753
khm_6753_1183567919.wav	តួនាទី ស្ត្រី ខ្មែរ ក្នុង សម័យ អង្គរ	4.352	48000	6753
khm_6753_1186889081.wav	ព្រៃវែង ជា ខេត្ត តូច ប៉ុន្តែ ពោរពេញ ទៅ ដោយ កសិកម្ម	4.523	48000	6753
khm_6753_1187347486.wav	ទឹក ជំនន់ ទន្លេ មេគង្គ នៅ ស្រុក កៀនស្វាយ	4.267	48000	6753
khm_6753_1187670453.wav	នៅ ហូណូលូលូ មាន ការ សំដែង រឿង ហូលីវូដ	4.437	48000	6753
khm_6753_1188540787.wav	ប៊ិកមែន  ជា ឈ្មោះ ផលិតកម្ម ចម្រៀង មួយ ដែល មាន អ្នក គាំទ្រ ច្រើន	5.461	48000	6753
khm_6753_1205412503.wav	ភ្នំ សន្ទុក ស្ថិត នៅ ក្នុង ភូមិ កកោះ ឃុំ កកោះ ស្រុក សន្ទុក ខេត្ត កំពង់ធំ និង មាន ចំងាយ ដប់ ប្រាំពីរ គីឡូ ម៉ែត្រ ពី ទី រួម ខេត្ត កំពង់ធំ	9.813	48000	6753
khm_6753_1209771965.wav	អាណាណា បាន បើក កាលពី ឆ្នាំ មួយ ពាន់ ប្រាំបួន រយ កៅសិប បី	7.509	48000	6753
khm_6753_1212646614.wav	កន្លែង ធ្វើការ គាត់ នៅ ជិត ផ្សារ ប៉េសេ បឹងទំពុន	7.509	48000	6753
khm_6753_1213988818.wav	ឆ្កែ កំពុង តែ កកេះកកាយ ដី	3.584	48000	6753
khm_6753_1214226498.wav	គុណ សម្បត្តិ នៃ ការ ចូល ជា សមាជិក អាស៊ាន	4.693	48000	6753
khm_6753_1227561543.wav	ដើម្បី សុវត្ថិភាព និង សុខភាព យើង ត្រូវ លាង បន្លែ នឹង ទឹក ពែម៉ង់ហ្គាណាត	6.741	48000	6753
khm_6753_1229312660.wav	អាំស្ទែរដាំ គឺ ជា ទីក្រុង មួយ របស់ ប្រទេស ហូឡង់ ដែល សម្បូរ សារមន្ទីរ	8.704	48000	6753
khm_6753_1231109031.wav	កំពុង ប្រព្រឹត្ត ទៅ នៅ វត្ត សំបួរមាស ខណ្ឌ ដង្កោរ	5.035	48000	6753
khm_6753_1242402308.wav	ហាង នេះ លក់ របស់ របរ កំប៉ិកកំប៉ុក	3.755	48000	6753
khm_6753_1248101705.wav	លោក នេត ក្មេង លេង ជាមួយ ខ្មោច ដើម ខ្នុរ	4.523	48000	6753
khm_6753_1251204474.wav	លោក អូបាម៉ា ជាមួយ នឹង លោក អាបុត និង នាយក រដ្ឋមន្ត្រី ជប៉ុន លោក ស៊ីនហ្សូ អាបេ	9.045	48000	6753
khm_6753_1270836768.wav	ហ្គាង ណាំ ស្តាយ ជា បទ មួយ របស់ កូរ៉េ ដែល ល្បី ទូទាំង ពិភព លោក	5.632	48000	6753
khm_6753_1271921760.wav	គោលការណ៍ ប្រជាធិបតេយ្យ សេរី ពហុ បក្ស	4.693	48000	6753
khm_6753_1275913652.wav	ហ្ស៊ូប៊ែរ ត្រូវ ហោះ ទៅ ភូមា នៅ ថ្ងៃ ស្អែក	4.011	48000	6753
khm_6753_1285232507.wav	ធឺន រាំ បាន ល្អ	2.475	48000	6753
khm_6753_1285963387.wav	ទស្សនាវដ្តី ម៉ូត សម្លៀកបំពាក់ ខ្មែរ	4.011	48000	6753
khm_6753_1298252904.wav	ព័រសឺឡែន ជា មជ្ឈមណ្ឌល ថែទាំ រថយន្ត	4.096	48000	6753
khm_6753_1301887920.wav	មហា ក្សត្រី នរោត្តម មុនីនាថ សីហនុ	4.437	48000	6753
khm_6753_1313466806.wav	តា ភ និយាយ ឌឺ តា ភន	3.925	48000	6753
khm_6753_1331046500.wav	លោក ជំទាវ មីស៊ែល អូប៉ាម៉ា ចូលរួម ក្នុង កិច្ច ពិភាក្សា តុ មូល នៅ សណ្ឋាគារ សូហ្វីតែល	7.168	48000	6753
khm_6753_1346686257.wav	ព្រះ ពុទ្ធសាសនា នៅ ក្នុង សង្គម ខ្មែរ	4.011	48000	6753
khm_6753_1350460554.wav	ជិះ ទូក រសាត់ អណ្ដែត តាម ទឹក	3.243	48000	6753
khm_6753_1351529312.wav	សុះ ម៉ាត់ ជា ឪពុក របស់ លោក សុះ ម៉ាច	3.669	48000	6753
khm_6753_1353761204.wav	ប៊ី ប៊ី ស៊ី ជា ប្រព័ន្ធ ផ្សព្វផ្សាយ ព័ត៌មាន ដ៏ ល្បី នៅ ចក្រភព អង់គ្លេស	5.888	48000	6753
khm_6753_1353930310.wav	អតិថិជន វីង គ្រប់ គ្រប់ រូប នឹង ទទួល បាន កាត វីង ផ្ទាល់ ខ្លួន ជាមួយ និង គណនី វីង ផង ដែរ	7.765	48000	6753
khm_6753_1362457235.wav	ខាំផោន ក្រុមហ៊ុន អាកាសចរណ៍	3.755	48000	6753
khm_6753_1368018902.wav	ចំនួន ក្រសួង នៅ ក្នុង ប្រទេស កម្ពុជា	4.352	48000	6753
khm_6753_1374866481.wav	ញ៉េប ស្រែក ញ៉េវញ៉ាវ ពេញ ផ្ទះ	3.84	48000	6753
khm_6753_1377459842.wav	ប្រវត្តិសាស្ត្រ កម្ពុជា សម័យ អង្គរ	4.181	48000	6753
khm_6753_1384105655.wav	ច្បាប់ ស្តីពី ប្រព័ន្ធ ហិរញ្ញ វត្ថុ	3.84	48000	6753
khm_6753_1388557114.wav	លលក ញី ឈ្មោល វា បូល ហៅ គ្នា	4.181	48000	6753
khm_6753_1389242189.wav	ផលវិបាក នៃ ការ ប្រើប្រាស់ គ្រឿង ញៀន	3.84	48000	6753
khm_6753_1394885403.wav	បាហ្គែន ប្រលង ជាប់ ផ្នែក វិទ្យាសាស្ត្រ	3.584	48000	6753
khm_6753_1395874656.wav	ហាង នំប៉័ង ហេង ចេង មាន លក់ នំ បោះ ដុំ និង លក់ រាយ	5.035	48000	6753
khm_6753_1403942699.wav	ម្កុដ ពេជ្រ ព្រីនធីន និង ហ្វូតូកូពី	3.925	48000	6753
khm_6753_1414562159.wav	ការ នាំ ចេញ មៀន ប៉ៃលិន កើន ឡើង ហុក សិប ភាគរយ	4.267	48000	6753
khm_6753_1421366261.wav	គ្រាន់តែ ស្រលាញ់ បង តើ អូន ខុស ត្រង់ ណា	4.437	48000	6753
khm_6753_1421690902.wav	គេ ល្អ គ្រប់ យ៉ាង ប៉ុន្តែ គេ មិន មែន បង	4.011	48000	6753
khm_6753_1421982715.wav	ថយស៍អែនមី លក់ ប្រដាប់ប្រដា ក្មេង លេង	4.011	48000	6753
khm_6753_1425887525.wav	បើ បង ស្លាប់ ប្រហែល អូន ពេញចិត្ត មែន ទេ	4.779	48000	6753
khm_6753_1437685722.wav	ប្រព័ន្ធ រដ្ឋាភិបាល ប្រទេស កម្ពុជា	4.181	48000	6753
khm_6753_1437928215.wav	គ្រាន់តែ គេ ញោះ បន្តិច  សោឃឿន  ច្រឡោត តូង	4.352	48000	6753
khm_6753_1442241945.wav	ចាំ មនុស្ស ម្នាក់ ដែល មិន អាច វិល វិញ	4.096	48000	6753
khm_6753_1444447245.wav	រុទ្រវរ្ម័ន ជា ព្រះ មហា ក្សត្រ ខ្មែរ សម័យ នគរ ភ្នំ	5.205	48000	6753
khm_6753_1451589014.wav	ចង់ ដឹង មនុស្ស ស្មោះ ឈឺ ចាប់ ប៉ុណ្ណា	3.925	48000	6753
khm_6753_1461340708.wav	តួនាទី របស់ រាជ រដ្ឋាភិបាល កម្ពុជា	4.267	48000	6753
khm_6753_1462284409.wav	ប្រទេស ដែល មាន ព្រំ ប្រទល់ ជាប់ ស្វីស	4.011	48000	6753
khm_6753_1470112103.wav	នាង ឃ្មឹប បាន ចូលរួម សម្ដែង ជាមួយ ក្រុម តារា កំប្លែង ថ្មី	5.205	48000	6753
khm_6753_1473863855.wav	សរទរដូវ ជា រដូវ ស្លឹក ឈើ ជ្រុះ	4.011	48000	6753
khm_6753_1475526916.wav	ទោះ បង ពូកែ កុហក ក៏ អូន នៅតែ ស្នេហ៍ បង	4.523	48000	6753
khm_6753_1482984086.wav	បាន ឆេះ នៅ ក្បាល ស្ពាន ព្រែកព្នៅ	3.669	48000	6753
khm_6753_1485694764.wav	ទូច ស្រីនិច ស្រក់ ទឹក ភ្នែក ពេល ជួប អៀង ស៊ីថុល	4.181	48000	6753
khm_6753_1489167714.wav	អៀកឡង់ គឺ ជា ប្រទេស សមាជិក សហគមន៍ អឺរ៉ុប មួយ	6.656	48000	6753
khm_6753_1490346488.wav	លោក អូបាម៉ា ធ្វើ ទស្សនៈ កិច្ច ទៅ កាន់ សហគមន៍ មហា សមុទ្រ អាកទិក	6.656	48000	6753
khm_6753_1497159224.wav	ភាព វិជ្ជមាន ក្នុង អក្សរសិល្ប៍ ខ្មែរ	4.437	48000	6753
khm_6753_1498079640.wav	ហាង ភេសជ្ជៈ លំដាប់ ខ្ពស់ ដ៏ ពេញ និយម មួយ ដែល មាន ឈ្មោះ ថា កយ កាហ្វេ បាន បង្ហោះ វីដេអូ ដ៏ គួរ ឱ្យ ចាប់អារម្មណ៍ ទៅ លើ ទំព័រ ហ្វេសប៊ុក	9.899	48000	6753
khm_6753_1498149503.wav	រចនា សម្ព័ន្ធ តុលាការ ប្រទេស កម្ពុជា	4.437	48000	6753
khm_6753_1502042019.wav	រមណីយដ្ឋាន ទឹក ឈូ កំពុង ប្រឈមមុខ នឹង ការ គំរាមកំហែង	5.376	48000	6753
khm_6753_1502329152.wav	ហតចបស៍ ផ្សព្វផ្សាយ ជ្រើសរើស បុគ្គលិក ផ្នែក លក់ និង ទីផ្សារ	4.693	48000	6753
khm_6753_1503547564.wav	គាត់ នឿយណាយ នឹង ការ រស់នៅ ទីក្រុង	4.437	48000	6753
khm_6753_1505108960.wav	គាត់ អង្គុយ អង្គុយ ស្រាប់ តែ ក្អកឃូស	4.181	48000	6753
khm_6753_1505130217.wav	មនុស្ស ចំនួន ប្រាំបួន រយ ម្ភៃ ប្រាំបួន នាក់ បាន ទៅ ចូលរួម រាំ ចង្វាក់ ម៉ាឌីហ្សូន នៅ លើ សួន វត្ត បទុម	7.765	48000	6753
khm_6753_1508152211.wav	ដើម ដូង ទី ដប់ បង្កប់ នូវ ប្រវត្តិ ស្នេហ៍ របស់ លោក គង្គ ប៊ុនឈឿន	5.632	48000	6753
khm_6753_1521659783.wav	ឡុងដ៍ គឺ ជា ទីក្រុង នៃ ប្រទេស អង់គ្លេស	6.741	48000	6753
khm_6753_1543071771.wav	ហ្វ៊ីលីពីន ទទួល រង នូវ ការ រញ្ជួយ ដី ជា ញឹកញាប់	5.547	48000	6753
khm_6753_1552473418.wav	កាលីហ្វ័រនីញ៉ា ជា ឈ្មោះ រដ្ឋ មួយ ក្នុង សហរដ្ឋ អាមេរិក	4.608	48000	6753
khm_6753_1559016667.wav	គោល នយោបាយ អភិវឌ្ឍន៍ ជន ជាតិ ភាគ តិច	4.267	48000	6753
khm_6753_1580587424.wav	កុមារ វឿន វិសាល មាន ទេពកោសល្យ ខាង គំនូរ	4.096	48000	6753
khm_6753_1580999237.wav	ម៉ាឌីហ្សន ជា ចង្វាក់ រាំ ដ៏ ពេញនិយម មួយ ប្រភេទ	4.608	48000	6753
khm_6753_1587940854.wav	អារីស្តូត បាន ចូល រៀន ក្នុង វិទ្យាស្ថាន របស់ ប្លាតុង	6.485	48000	6753
khm_6753_1592106576.wav	ព្រះ បាទ សុរាម្រិត បាន វិល ត្រលប់ មក ស្រុក ខ្មែរ វិញ ហើយ	5.547	48000	6753
khm_6753_1598121813.wav	រាជវង្ស នៃ ព្រះ រាជាណាចក្រ កម្ពុជា	4.181	48000	6753
khm_6753_1604290439.wav	ដឹង ទេ ថា លោក វៀល ស្មីត ជា អតីត តារា រែប	4.267	48000	6753
khm_6753_1604454609.wav	បញ្ជី រាយ នាម ត្រី សមុទ្រ នៅ កម្ពុជា	4.096	48000	6753
khm_6753_1607512700.wav	ដុត ស្ថានទូត ថៃ កាលពី ដើម ឆ្នាំ	3.84	48000	6753
khm_6753_1607959806.wav	ណិចអេរ៉ា  មិន ចូលចិត្ត អ្នក និយាយ ច្រើន	4.011	48000	6753
khm_6753_1613056681.wav	ផ្ទុះ ធុង ហ្គាស នៅ ជិត បៀរ ហ្គាដិន នៅ ទួលទំពូង	4.437	48000	6753
khm_6753_1622385325.wav	ខ្យល់ ពី សមុទ្រ ទឹកកក អាកទិក ធ្វើ ឱ្យ តំបន់ អាមេរិក ត្រជាក់	7.168	48000	6753
khm_6753_1622421652.wav	ឥណ្ឌូនេស៊ី ជា ប្រទេស ដែល សំបូរ កោះ ច្រើន ជាង គេ	4.693	48000	6753
khm_6753_1631713806.wav	លទ្ធិ ប្រជាធិបតេយ្យ នៅ ប្រទេស កម្ពុជា	4.608	48000	6753
khm_6753_1633124817.wav	វិទ្យាស្ថាន បច្ចេកវិទ្យា បាត់ដំបង	3.925	48000	6753
khm_6753_1638168217.wav	ហ្សែនចា ធូរ ថ្លៃ ជាង អូអ៊ិឈិ	5.376	48000	6753
khm_6753_1639128296.wav	បែក គ្នា ហើយ ហេតុ អ្វី ធ្វើ ចិត្ត មិន បាន	4.181	48000	6753
khm_6753_1639383779.wav	ពូ ញ៉េង បើក ម៉ាញេ ឮ ក្ឌាំង ក្ឌាំង	3.755	48000	6753
khm_6753_1652213021.wav	អាន គុណកុឡា បាន ចូល ទៅ ច្រៀង នៅ ក្នុង ផលិតកម្ម សាន់ដេ	5.632	48000	6753
khm_6753_1652825915.wav	លោក គ្រូ ស៊ីហ្វ័រ អ្នក ឯកទេស ផ្នែក ទំនាក់ទំនង	4.181	48000	6753
khm_6753_1655113963.wav	នារីរ័ត្ន គន្ធា មក ខ្មែរ ស្ងាត់ ស្ងាត់	3.84	48000	6753
khm_6753_1657826356.wav	អេហ្ស៊ីប ជា ប្រទេស ដែល មាន ប្រាសាទ បុរាណ ជា ច្រើន	6.485	48000	6753
khm_6753_1660687262.wav	ឡាយវលី ជា អ្នក សារព័ត៌មាន	3.669	48000	6753
khm_6753_1682893362.wav	ជួន ណាត ជា អ្នក បង្កើត វចនានុក្រម ខ្មែរ	4.352	48000	6753
khm_6753_1684456267.wav	ផ្សារ អូឡាំពិក មាន ក្រណាត់ និង សម្លៀកបំពាក់ បោះ ដុំ និង លក់ រាយ	5.12	48000	6753
khm_6753_1684555524.wav	ព្យុះ កំបុតត្បូង បោកបក់ លើ រដ្ឋ អាយអូវ៉ា អ៊ីលីណយ និង អូអៃយ៉ូ សហរដ្ឋ អាមេរិក	9.813	48000	6753
khm_6753_1687829645.wav	ច្បាប់ ស្ដីពី កិច្ច ការពារ បរិស្ថាន	4.011	48000	6753
khm_6753_1694092088.wav	ព្រះ បាទ ចន្ទ រាជា ទត ឃើញ ហើយ ចាប់ចិត្ត	4.096	48000	6753
khm_6753_1700816993.wav	រថយន្ត ក្រុង ដប់ គ្រឿង នឹង ដាក់ ឱ្យ ដំណើរការ សាកល្បង ជា ជំហាន ដំបូង នៅ ផ្លូវ ព្រះ មុន្នីវង្ស ចាប់ ពី រង្វង់មូល ស្តាត ចាស់ ដល់ ស្ពាន ព្រះ មុន្នីវង្ស	10.24	48000	6753
khm_6753_1702297528.wav	សូមួរ៉ា  រៀន ជាមួយ យូរី រយៈ ពេល បី ឆ្នាំ មក ហើយ	5.205	48000	6753
khm_6753_1707562259.wav	ប៊ី អេស អាយ លក់ សម្ភារៈ សុវត្ថិភាព	3.755	48000	6753
khm_6753_1710436313.wav	សួន សងវាចា ជា តារា ចម្រៀង ដែល មាន សំឡេង ក្រអួនក្រអៅ	6.144	48000	6753
khm_6753_1713783706.wav	ម៉ាស្ទ័រសេហ្វ ជា អាហារដ្ឋាន ឆ្ងាញ់ ឆ្ងាញ់	4.096	48000	6753
khm_6753_1726570096.wav	នភាល័យ ច្រៀង បាន ពិរោះ	3.157	48000	6753
khm_6753_1733945445.wav	ហុងគ្រី មាន កុលសម្ព័ន្ធ យ៉ាង ច្រើន នៅ លាយឡំ គ្នា	6.997	48000	6753
khm_6753_1744507492.wav	រូបភាព សម័យ កម្ពុជា ប្រជាធិបតេយ្យ	4.608	48000	6753
khm_6753_1746808120.wav	នាយកដ្ឋាន បុគ្គលិក ក្រសួង មហា ផ្ទៃ	3.755	48000	6753
khm_6753_1759054130.wav	ឃឿង  និង  ឃឿត ជា មិត្ត សម្លាញ់ និង គ្នា	4.011	48000	6753
khm_6753_1767467634.wav	ជន ជាតិ ដើម ភាគ តិច ព្នង ខេត្ត មណ្ឌល គិរី គ្រោង តវ៉ា	5.12	48000	6753
khm_6753_1771150316.wav	ទន្លេ មេគង្គ ហូរ កាត់ ប្រទេស កម្ពុជា	4.352	48000	6753
khm_6753_1774683131.wav	ប្រហិត មាន ជាតិ គីមី ក្នុង ផ្សារ កាណាឌីយ៉ា នៅ សង្កាត់ ចោមចៅ	5.547	48000	6753
khm_6753_1776358293.wav	ប្រព័ន្ធ សេដ្ឋកិច្ច ទីផ្សារ ចំរុះ	3.584	48000	6753
khm_6753_1778005865.wav	ស្វែង សុជាតា បាន ចូល សិល្បៈ សារ ជា ថ្មី	4.608	48000	6753
khm_6753_1787777546.wav	ធ្លាប់ សន្យា ហើយ ថា មិន ធ្វើ ឱ្យ អូន យំ	4.437	48000	6753
khm_6753_1787946202.wav	រឿង ភាគ ថៃ មន្ត ស្នេហ៍ កញ្ញា សក់ ក្រង	4.267	48000	6753
khm_6753_1792113227.wav	និស្សិត គ្មាន ការងារ ធ្វើ នៅ កម្ពុជា	3.755	48000	6753
khm_6753_1793140816.wav	មិញយ៉ាង ជា តំបន់ ដែល ទាក់ទាញ ភ្ញៀវ ទេសចរណ៍	4.181	48000	6753
khm_6753_1798394730.wav	អូម៉ង់ មិន សូវ ប្រើ ហ្វេសប៊ុក ទេ	5.12	48000	6753
khm_6753_1799297331.wav	ច្បាប់ ការងារ ក្នុង ប្រទេស កម្ពុជា	4.096	48000	6753
khm_6753_1805347570.wav	ធីម ឃុក ជា អ្នក ចាត់ការ ទូទៅ របស់ ក្រុមហ៊ុន អេបផល	4.779	48000	6753
khm_6753_1807654231.wav	ផែនការ យុទ្ធសាស្ត្រ អភិវឌ្ឍ ជាតិ	3.84	48000	6753
khm_6753_1809134882.wav	វិទ្យាស្ថាន បច្ចេកវិទ្យា កម្ពុជា	3.84	48000	6753
khm_6753_1815234039.wav	ខូឡិកសិន បើក ហាង នៅ ក្រុង ភ្នំពេញ	3.925	48000	6753
khm_6753_1831754589.wav	យន្តហោះ ពី ភ្នំពេញ ទៅ អាប៊ុយដាប៊ី ត្រូវការ ពេល ប្រាំបី ម៉ោង ហាសិប ប្រាំ នាទី	8.533	48000	6753
khm_6753_1838156984.wav	ស្ពាន អាកាស នៅ អ៊ីស្តង់ប៊ុល បាក់ រំលំ	4.779	48000	6753
khm_6753_1838442897.wav	ប៉ីប៉ីលី បាន ចេញ វីដេអូ ជា ច្រើន ក្នុង ហ្វេសប៊ុក	4.864	48000	6753
khm_6753_1850033028.wav	រែវិន ត្រលប់ មក ពី បរទេស កាល ពី សប្ដាហ៍ មុន	4.523	48000	6753
khm_6753_1853694376.wav	សុឆេង កំពុង លេង កីឡា	3.243	48000	6753
khm_6753_1859335137.wav	តាម អ្នក ស្រុក ឱ្យ ការណ៍ ថា ពាក្យ ប៉ៃលិន មក ពី ពាក្យ ភេ លេង	5.973	48000	6753
khm_6753_1861687082.wav	ប្រវត្តិ ពន្ធដារ នៃ ប្រទេស កម្ពុជា	3.84	48000	6753
khm_6753_1865804156.wav	មនុស្ស ភាគ ច្រើន មាន បញ្ហា មុខ  អាលែហ្ស៊ី	4.267	48000	6753
khm_6753_1866714552.wav	ប្រវត្តិ នៃ ការ គ្រប់គ្រង នៅ កម្ពុជា	3.755	48000	6753
khm_6753_1874844655.wav	ធ្វើ មនុស្ស ល្ងង់ ប្រហែល មិន ឈឺ ចាប់	4.437	48000	6753
khm_6753_1880327946.wav	បុរស ម្នាក់ នេះ រស់ ដើម្បី ស្រឡាញ់ អូន	3.925	48000	6753
khm_6753_1884688703.wav	ប្រព័ន្ធ សុវត្ថិភាព អេឡិចត្រូនិក	3.925	48000	6753
khm_6753_1886486577.wav	បទ ទឹក ភ្នែក ក្មេង ពាល របស់ ខេម ពិត ជា ល្បី ខ្លាំង ណាស់	4.864	48000	6753
khm_6753_1906080621.wav	នាយ ប៊ូម មាន ជំនាញ ជា អ្នក លេង ល្ខោន បាសាក់	4.523	48000	6753
khm_6753_1910872036.wav	នាង ព្រីម លីហ្សា មិន ចង់ មាន ស្នេហា ថ្មី	4.267	48000	6753
khm_6753_1919618162.wav	កុំ ច្រលើសបើស ពេក យើង ហ្នឹង	3.328	48000	6753
khm_6753_1932830723.wav	ព្រះ បាទ កៅណ្ឌិន្យ ត្រូវ បាន រៀប អភិសេក ជាមួយ និង ព្រះ នាង សោមា ដែល ជា បុត្រី របស់ ស្ដេច ភុជង្គនាគ	7.424	48000	6753
khm_6753_1945463132.wav	ប្រាសាទ អង្គរវត្ត មាន ភាព ល្បី រន្ទឺ ពេញ ពិភព លោក	4.949	48000	6753
khm_6753_1946309692.wav	ក្យូយូហ្គើ រៀន នៅ ប្រទេស ជប៉ុន	3.499	48000	6753
khm_6753_1946450861.wav	លោក អាប្រាហាំ លីន កុន ត្រូវ បាន គេ ចារ ឈ្មោះ ថា ជា មេ ដឹកនាំ ដ៏ អស្ចារ្យ បំផុត	6.912	48000	6753
khm_6753_1947965153.wav	អាហ្សង់ទីន ជា ប្រទេស ដែល ខ្លាំង ខាង វិស័យ កីឡា	5.461	48000	6753
khm_6753_1952186560.wav	ថែ ចិត្ត ស្មោះ ចាំ មនុស្ស ក្បត់ ម្នាក់	3.755	48000	6753
khm_6753_1953684279.wav	ឈិត សុវណ្ណបញ្ញា ជា តារា ចម្រៀង ប្រចាំ ផលិតកម្ម ហង្ស មាស	4.949	48000	6753
khm_6753_1954106282.wav	ព្យាករណ៍ អាកាសធាតុ ខេត្ត បាត់ដំបង	4.352	48000	6753
khm_6753_1955061414.wav	ខារ៉ាអូខេ អាយ វ៉ែន នៅ ខាង ជើង សាលា បាក់ទូក	4.523	48000	6753
khm_6753_1956221613.wav	យើង មិន ទាន់ អាច ទិញ ឥវ៉ាន់ តាម គេហទំព័រ នៅ អាម៉ាហ្សូន នៅ ឡើយ ទេ	7.253	48000	6753
khm_6753_1956859463.wav	បារាំង ចូល កាន់កាប់ ទីក្រុង ព្រៃនគរ	4.352	48000	6753
khm_6753_1963873765.wav	ទូរទស្សន៍ ខ្សែកាប រាជធានី ភ្នំពេញ	3.925	48000	6753
khm_6753_1970710747.wav	បង សុំ បែក ស្រប ពេល អូន មាន ចិត្ត ស្រឡាញ់	4.437	48000	6753
khm_6753_1976715520.wav	ហត្ថាកសិករ មាន អតិថិជន ជា ជន ជាតិ ភាគ តិច ប្រមាណ ពី ហុក សិប ទៅ ចិត សិប ភាគរយ	7.936	48000	6753
khm_6753_1978487037.wav	ដោយ ហេតុ ទួល នោះ ជា ទី គោក ខ្ពស់ ទឹក មិន លិច ដូច្នោះ ទើប គេ ហៅ ទួល គោក	6.571	48000	6753
khm_6753_1992384821.wav	ហ្វែនស៊ី  និង  ហ្វែល  ចូលចិត្ត ញ៉ាំ សូកូឡា	4.011	48000	6753
khm_6753_1992521822.wav	គេហដ្ឋាន ខាង ស្រី មាន ទីតាំង នៅ ផ្លូវ ទំនប់ ថ្មី ក្បែរ ផ្សារ ប៉េសេ	7.765	48000	6753
khm_6753_1997318942.wav	ខ្ញុំ បាន បន្ត ការ សិក្សា ថ្នាក់ បរិញ្ញាបត្រ ជាន់ ខ្ពស់ នៅ ស្វ៊ីស	5.205	48000	6753
khm_6753_2005583975.wav	ប្រព័ន្ធ ធនាគារ ក្នុង ប្រទេស កម្ពុជា	4.352	48000	6753
khm_6753_2007527791.wav	ណាប៉ា សំបូរ ទៅ ដោយ ត្រី ទឹក សាប	3.584	48000	6753
khm_6753_2015991004.wav	ស្ពាន អ្នកលឿង ឬ ហៅ ម្យ៉ាង ទៀត ថា ស្ពាន ត្រឹងបាសា	5.291	48000	6753
khm_6753_2024853782.wav	អ្នក ស្រាវជ្រាវ ពី សាកល វិទ្យាល័យ កាលីហ្វ័រញ៉ា និង ប៉ាណាម៉ា បាន ស្វែងរក ឃើញ ថ្នាំ ពន្យារ ជំងឺ មហារីក	8.619	48000	6753
khm_6753_2031794957.wav	ខ្ញុំ មាន កិត្តិយស ណាស់ ដែល បាន ជួប លោក	3.669	48000	6753
khm_6753_2039770003.wav	រដ្ឋលេខាធិការ ក្រសួង កិច្ចការ នារី	4.096	48000	6753
khm_6753_2039780439.wav	កាហ៊្សូ ជា អ្វី ឱ្យ ប្រាកដ ទៅ ណ៎	3.669	48000	6753
khm_6753_2052934826.wav	អ៊ែផត  ប្រូតូឌែម  ជា អាកាសយាន្តដ្ឋាន អន្តរជាតិ របស់ លីប៊ី	6.059	48000	6753
khm_6753_2059368188.wav	កញ្ញា ទេព បូព្រឹក្ស សម្ដែង នៅ តន្ត្រី ស្រាបៀរ កម្ពុជា	4.523	48000	6753
khm_6753_2059681548.wav	ល្បី ថា ប្រជុំ កោះ ប៉ារ៉ាសែល មាន រ៉ែ ប្រេងកាត	6.741	48000	6753
khm_6753_2061541430.wav	ទឹក ភ្នែក មាន ន័យ សម្រាប់ អ្នក ខូច ចិត្ត	3.84	48000	6753
khm_6753_2062623711.wav	អាម៉ាហ្សូន ជា គេហទំព័រ ដែល លក់ ទំនិញ អនឡាញ ដ៏ ល្បី នៅ ជប៉ុន	6.144	48000	6753
khm_6753_2063005695.wav	អាន គុណកុឡា មាន រូប សម្បត្តិ សង្ហា	4.011	48000	6753
khm_6753_2074667564.wav	ចម្រៀង ខ្មែរ សម័យ សង្គម រាស្ត្រ និយម	3.925	48000	6753
khm_6753_2082400998.wav	នាយ កុយ មាន ទេពកោសល្យ ពី ធម្មជាតិ	3.925	48000	6753
khm_6753_2098550743.wav	សូក្រាត គឺ ជា ទស្សនវិទូ ជន ជាតិ ក្រិច កើត នៅ ក្រុង អាតែន	6.229	48000	6753
khm_6753_2100301091.wav	ព្យាករណ៍ អាកាសធាតុ ខេត្ត កំពង់ចាម	3.84	48000	6753
khm_6753_2132517112.wav	តា ប៊ិល ទិញ កង់ អោយ ចៅ គាត់	3.328	48000	6753
khm_6753_2144768995.wav	បុព្វហេតុ នៃ ការ សាងសង់ ប្រាសាទ ខ្មែរ	4.011	48000	6753
khm_6753_2145805918.wav	បទ បង្ហាញ របស់  វីគី  ស្នៃឌ័រ  មាន សារៈសំខាន់ ណាស់	4.608	48000	6753
khm_6753_2146592632.wav	លោក បណ្ឌិត ឡុង សៀម ជា អ្នក សរសេរ អត្ថបទ សិលា ចារឹក ជា ភាសា ខ្មែរ	6.485	48000	6753
khm_6753_2151032604.wav	ទោះ យ៉ាង ណា ក៏ យើង ធ្លាប់ ស្រលាញ់ គ្នា	3.84	48000	6753
khm_6753_2152431963.wav	គាត់ និយាយ ឌឺដង ដាក់ គ្នា	3.499	48000	6753
khm_6753_2168315725.wav	រដ្ឋ មួយ នៅ អាមេរិក មាន ឈ្មោះ ថា មីឈីហ្គេន ឬ មីឈីហ្គែន	5.291	48000	6753
khm_6753_2170267215.wav	ប៉ូតង់ស្យែលរេដុក ជា ប្រតិកម្ម គីមី	4.181	48000	6753
khm_6753_2182152207.wav	ព្រះវិហារ វត្ត ភ្នំ ស្ថិត នៅ លើ កំពូល ភ្នំ ដូនពេញ	5.461	48000	6753
khm_6753_2184920677.wav	ខៀវ សានសាណា ជា អតីត ពិធី ការិនី នៅ ស្ថានីយ ទូរទស្សន៍ ស៊ី ធី អិន	6.059	48000	6753
khm_6753_2185748382.wav	វ៉ូលស្វាហ្គែន មាន បើក សាខា ដំបូង បង្អស់ នៅ ខ្មែរ ក្នុង ឆ្នាំ ពីរ ពាន់	5.632	48000	6753
khm_6753_2191083530.wav	ឥណ្ឌូនេស៊ី នឹង កាត់ទោស ប្រហារ ជីវិត អ្នក ជួញដូរ គ្រឿង ញៀន	5.547	48000	6753
khm_6753_2195948692.wav	អ្នក អាច រក លុយ បាន ដោយ ដាក់ ឥវ៉ាន់ លក់ នៅ គេហទំព័រ អ៊ីបេ	7.253	48000	6753
khm_6753_2198794605.wav	មន្ទីរ ព្យាបាល មាត់ ធ្មេញ ពីរ៉ាមីត	4.096	48000	6753
khm_6753_2213939820.wav	នាយ ក្រឹម បាន សម្ដែង ក្នុង បទ ម៉ាក់ ដឹង ម៉ាក់ វ៉ៃ	4.779	48000	6753
khm_6753_2222345715.wav	ពិធី បុណ្យ ចូល ឆ្នាំ ថ្មី ប្រពៃណី ខ្មែរ	4.352	48000	6753
khm_6753_2225053367.wav	មជ្ឈមណ្ឌល ថែ រក្សា សម្ផស្ស ភ្នំពេញ	4.523	48000	6753
khm_6753_2228698874.wav	ព្រះ បាទ ភវរ្ម័ន បាន បង្កើត រាជធានី ថ្មី	5.035	48000	6753
khm_6753_2231436362.wav	លោក សាមឿន ជា មេ ឃុំ ដ៏ ល្អ ម្នាក់	3.84	48000	6753
khm_6753_2235725481.wav	អូឌី ជា ក្រុមហ៊ុន ផលិត រថយន្ត ដ៏ ល្បី របស់ អាល្លឺម៉ង់	6.144	48000	6753
khm_6753_2239216982.wav	ក្រុមហ៊ុន ប៊ិកហ៊្វត បើក សម្ពោធ ទីតាំង ថ្មី	3.84	48000	6753
khm_6753_2245814793.wav	អាគីរ៉ា បាន ចូលរួម បោសសម្អាត មីន ក្នុង ប្រទេស កម្ពុជា	7.168	48000	6753
khm_6753_2256424959.wav	រក ឃើញ ទីតាំង ចម្រាញ់ ប្រេង ម្រះព្រៅ ភ្នំ ទើប កើត ថ្មី លើ ភ្នំ ក្រវាញ	6.827	48000	6753
khm_6753_2258328176.wav	ម៉ូត សក់ នារី ខ្មែរ ពេល មាន កម្មវិធី	4.011	48000	6753
khm_6753_2263299811.wav	ហាង នំ អេ ប៊ី ស៊ី មាន លក់ នំ ពង ទា សំរាប់ សែន ចូល ឆ្នាំ ចិន	6.571	48000	6753
khm_6753_2265334255.wav	ធឺខាណា មក ពី ផ្សារ អស់ កម្លាំង	3.499	48000	6753
khm_6753_2274972041.wav	និមិត្ត សញ្ញា ប្រើ ក្នុង គណិត វិទ្យា	4.352	48000	6753
khm_6753_2277009071.wav	ហាង វែនតា អាយឃែរ ជា ជម្រើស ល្អ ឥតខ្ចោះ តែ មួយ គត់ សម្រាប់ អ្នក	5.376	48000	6753
khm_6753_2282403890.wav	ញូវហ្សេឡែន  ជា ប្រទេស ដែល មាន ការ រីកចម្រើន ខ្លាំង បំផុត	4.779	48000	6753
khm_6753_2295810819.wav	អាំងឌ្វី  ជា ឈ្មោះ កម្លាំង អគ្គិសនី មួយ ប្រភេទ	4.608	48000	6753
khm_6753_2298593452.wav	អាវយឺត នេះ ស្អាត ណាស់	2.901	48000	6753
khm_6753_2299538744.wav	ផឹក ស៊ី ស្រវឹង ដើរ វ៉ៃតប់ ធ្វើ បាប គេ ឯង	4.779	48000	6753
khm_6753_2301785155.wav	តិចនីការ និយាយ កិចកុច	3.157	48000	6753
khm_6753_2303844118.wav	ដំណឹង ជ្រើសរើស បុគ្គលិក នៅ ភ្នំពេញ	4.608	48000	6753
khm_6753_2303880135.wav	លី សេនឡុង ជា ឈ្មោះ នាយក រដ្ឋមន្ត្រី ប្រទេស សិង្ហបុរី	5.547	48000	6753
khm_6753_2306425213.wav	ព្រំដែន នៃ ព្រះ រាជាណាចក្រ កម្ពុជា	4.181	48000	6753
khm_6753_2312130118.wav	តៃវ៉ាន់ ជា ខេត្ត ពិសេស របស់ ចិន	3.499	48000	6753
khm_6753_2315146779.wav	ខ្ញុំ ចង់ ក្លាយ ជា អ្នក ជំនាញ ថត រូប នៅ ប្រទេស ហ្វ៊ីលីពីន	4.779	48000	6753
khm_6753_2319218949.wav	ទឹម រដ្ឋា ជា តារា បង្ហាញ ម៉ូដ	3.413	48000	6753
khm_6753_2330889285.wav	ប្រវត្តិ ទិវា សិទ្ធិ នារី អន្តរជាតិ	4.181	48000	6753
khm_6753_2331880742.wav	កូពីអ័រ  ក្រុមហ៊ុន បោះពុម្ព សៀវភៅ	3.84	48000	6753
khm_6753_2332030116.wav	មជ្ឈមណ្ឌល បណ្តុះបណ្តាល សុវណ្ណភូមិ	4.267	48000	6753
khm_6753_2346987174.wav	មូលហេតុ នៃ កំណើន ប្រជា ជន ក្នុង ទីក្រុង	4.352	48000	6753
khm_6753_2347534782.wav	កាព្រីយែល ជា ក្រុមហ៊ុន អាកាសចរណ៍	3.669	48000	6753
khm_6753_2357939817.wav	ទូរស័ព្ទ ម៉ាក អេច្ឆ ធី ស៊ី បាត់បង់ ការ ចាប់អារម្មណ៍ ពី ប្រជា ជន ខ្មែរ	5.973	48000	6753
khm_6753_2373473097.wav	តើ អាម៉ាហ្សូន និង អាលីបាបា ខុស គ្នា ឬ ដូច គ្នា	6.059	48000	6753
khm_6753_2380390447.wav	កំលោះ កូន មួយ ហ្សូណូ ធ្វើ ឱ្យ ទស្សនិកជន ស្រក់ ទឹក ភ្នែក	5.717	48000	6753
khm_6753_2392945797.wav	រឿង ព្រេង ខ្មែរ ភ្នំ ស្រី ភ្នំ ប្រុស	3.925	48000	6753
khm_6753_2393107705.wav	បង ស្រី ខ្ញុំ កំពុង បន្ត ការ សិក្សា នៅ ប្រទេស បែលហ្ស៊ិក	4.779	48000	6753
khm_6753_2401433731.wav	ប្រតិបត្តិការ ស្រី ឆ្នាស ទាំង ប្រាំ	3.84	48000	6753
khm_6753_2405647541.wav	ប្រវត្តិ ព្រះ ពុទ្ធសាសនា នៅ កម្ពុជា	4.267	48000	6753
khm_6753_2413419276.wav	ការងារ នេះ ហត់នឿយ ណាស់ សម្រាប់ ខ្ញុំ	4.011	48000	6753
khm_6753_2415872282.wav	ប្រជា ពលរដ្ឋ សម្រុក ធ្វើ ស្រែ ទាន់ ភ្លៀង ធ្លាក់	4.267	48000	6753
khm_6753_2428280713.wav	អ្នក អាច ធ្វើ ដំណើរ ទៅ ប្រទេស ថៃ តាម បាងកក អ៊ែរវេ	6.997	48000	6753
khm_6753_2431908488.wav	លោក  មីឌ្លើ  និង  ឈែនឌ្លើ  ជា អ្នក វិទ្យាសាស្ត្រ	4.352	48000	6753
khm_6753_2432053983.wav	ប៊ីឃែរ  មាន កែ សម្ផស្ស បុរស នារី	4.523	48000	6753
khm_6753_2432477506.wav	លោក ឡៅ ម៉ុងហៃ ជា អ្នក វិភាគ ឯករាជ	4.011	48000	6753
khm_6753_2433855621.wav	បណ្ណាល័យ គណិត វិទ្យា មួយ នេះ ត្រូវ បាន សាងសង់ ឡើង ក្នុង នាម លោក រេនេ ដេកាស	6.656	48000	6753
khm_6753_2438467088.wav	នាយ ចាប ចៀន ចូលចិត្ត ពាក់ អាវ ធំ	4.267	48000	6753
khm_6753_2439356959.wav	មនុស្ស ខ្ញុំ ស្រលាញ់ នាង មាន សង្សារ ហើយ	4.096	48000	6753
khm_6753_2442509878.wav	ច្បាប់ ស្តីពី សិទ្ធិ មនុស្ស នៅ កម្ពុជា	3.925	48000	6753
khm_6753_2446585232.wav	បុរស ម្នាក់ ធាក់ កង់ ឆ្លង ផ្លូវ ដែល ជន់ លិច ក្នុង ទីក្រុង វ៉ា សូវី ប្រទេស ប៉ូឡូញ	6.4	48000	6753
khm_6753_2452537589.wav	លោក  គៀធីង  ជា អ្នក រត់ ម៉ូតូ ឌុប	3.499	48000	6753
khm_6753_2456998932.wav	សួរភិរិទ្ធ  ទៅ លេង ស្រុក សប្ដាហ៍ ក្រោយ	3.755	48000	6753
khm_6753_2460197064.wav	ពី មនុស្ស ម្នាក់ ដែល មាន ជំងឺ ស្នេហា	4.011	48000	6753
khm_6753_2460572883.wav	និស្ស័យ ស្នេហ៍ ក្រមុំ គ្រប់ លក្ខណ៍	3.669	48000	6753
khm_6753_2463602667.wav	ប្រវត្តិ សម្ដេច ព្រះ សង្ឃរាជ ជួត ណាត	4.011	48000	6753
khm_6753_2502438175.wav	ស្ទីហ្វ ចប ជា ស្ថាបនិក ក្រុមហ៊ុន អេបផល	6.4	48000	6753
khm_6753_2505342747.wav	ធីហ៊្សូ ទើប តែ មក ពី សាលា	3.669	48000	6753
khm_6753_2510643608.wav	ស្វ៊ីមវែរ មាន អាង ហែល ទឹក កម្សាន្ត	3.84	48000	6753
khm_6753_2522400019.wav	តា លី ដើរ ញាក់ញោច	2.987	48000	6753
khm_6753_2532279684.wav	អេស៊ុះ ផលិត កុំព្យូទ័រ ទូរសព្ទ និង ឧបករណ៍ អេឡិចត្រូនិក ផ្សេង ផ្សេង ជា ច្រើន ទៀត	7.936	48000	6753
khm_6753_2533049798.wav	កឺម ជិះ ម៉ូតូ ស៊ី ប៊ី អ	3.584	48000	6753
khm_6753_2537209164.wav	ហ្គូហ្គល មែប ជា ផែនទី អេឡិចត្រូនិក	4.352	48000	6753
khm_6753_2537395599.wav	ផ្ទះ សំណាក់ និង ខារ៉ាអូខេ គីម ហាក់	4.437	48000	6753
khm_6753_2540212683.wav	ហែនរី ហ្វដ ជា អ្នក ផលិត រថយន្ត ហ្វដ	5.803	48000	6753
khm_6753_2558902954.wav	សិស្ស វិទ្យាល័យ ទួលទំពូង ដេញ វ៉ៃ គ្នា ពេញ សាលា	5.12	48000	6753
khm_6753_2564457071.wav	ផ្ទះ សំណាក់ ហ្គុនឡាក់  ហ្គុមី	3.499	48000	6753
khm_6753_2569022832.wav	អ្នក អាច ខ្ចី ប្រាក់ បង់ រំលស់ ដើម្បី ទិញ អ្វី ក៏ បាន ពី គ្រឹះស្ថាន មីក្រូ ហិរញ្ញ វត្ថុ កម្ពុជា អ៊ីអន	10.325	48000	6753
khm_6753_2583920270.wav	អាលី បាបា ជា ក្រុមហ៊ុន របស់ លោក ជែក ម៉ា	5.717	48000	6753
khm_6753_2595190010.wav	សូ សុភ័ក្ដ្រ បាន បាត់ មុខ មួយរយៈ ដើម្បី បើក ហាង លក់ កាហ្វេ	5.632	48000	6753
khm_6753_2595267225.wav	ហ៊ែម ពូកែ ធ្វើ ម្ហូប ណាស់	3.157	48000	6753
khm_6753_2608631537.wav	កុំព្យូទ័រ ម៉ាក អេស៊ុះ ផលិត នៅ តៃវ៉ាន់	5.035	48000	6753
khm_6753_2612717204.wav	ជាតិ ក្រោយ សុំ ធ្វើ ជា មនុស្ស ស្មោះ បង	4.352	48000	6753
khm_6753_2612786471.wav	ភ្លើង សង្គ្រាម ក្នុង មាតុភូមិ ខ្ញុំ	3.925	48000	6753
khm_6753_2615047346.wav	ម៉ា ឡៅពី ជា អ្នក និពន្ធ ទំនុក ច្រៀង និង បទ ភ្លេង	5.205	48000	6753
khm_6753_2616302863.wav	ទប់ស្កាត់ អំពើ ហិង្សា ក្នុង គ្រួសារ	4.011	48000	6753
khm_6753_2634580795.wav	វិច្ឆ័យ ទៅ ក្លិប ហាត់ប្រាណ	3.413	48000	6753
khm_6753_2641923903.wav	ចម្រៀង របស់ រ៉ូប៊ីន វិល្លៀម មួយ បទ ធ្វើ ឱ្យ អ្នក ស្ដាប់ ស្រក់ ទឹក ភ្នែក	5.461	48000	6753
khm_6753_2644645597.wav	អំពែម៉ែត្រ និង វ៉ុលម៉ែត្រ ជា ឧបករណ៍ សំខាន់ សម្រាប់ ការ អនុវត្ត មេរៀន អគ្គីសនី	6.144	48000	6753
khm_6753_2650245445.wav	ហ្វុនថេន ជា អ្នក លក់ ត្រី	3.328	48000	6753
khm_6753_2664002510.wav	ច្បាប់ ស្ដីពី ការ គ្រប់គ្រង គុណភាព	3.755	48000	6753
khm_6753_2665278581.wav	លី ទៅ ផ្សារ ទិញ ទឹក ខ្មេះ	2.987	48000	6753
khm_6753_2691625367.wav	ចុងភៅ ក្លែងក្លាយ ចៅហ្វាយ ក្លែង ចិត្ត	4.267	48000	6753
khm_6753_2697038114.wav	ស៊ុំ សុម៉ាលី មិន បាន ទៅ សម្ដែង នៅ ឯ បរទេស ទេ	4.949	48000	6753
khm_6753_2700993399.wav	វិទ្យាសាស្ត្រ ក្នុង ការ ស្រាវជ្រាវ	3.413	48000	6753
khm_6753_2702134135.wav	ប្លាតុង ជា គ្រូ របស់ អារីស្តូត	5.205	48000	6753
khm_6753_2722502047.wav	អេស្ទែរ ជា ធាតុ ផ្សំ ចាំបាច់ នៃ ទឹកអប់	3.925	48000	6753
khm_6753_2738738257.wav	ខាំគឺត ជា និស្សិត រៀន សាកល វិទ្យាល័យ ធនធាន មនុស្ស	4.949	48000	6753
khm_6753_2744285935.wav	ប្រវត្តិ សង្ខេប ព្រះ បាទ នរោត្តម សីហនុ	4.096	48000	6753
khm_6753_2755397353.wav	ប្រវត្តិ ពិធី បុណ្យ ចូល ឆ្នាំ ខ្មែរ	3.925	48000	6753
khm_6753_2758488445.wav	តោះ ទៅ មើល រឿង ណៃមែរ	2.901	48000	6753
khm_6753_2783635929.wav	កុងដ្វាណា មាន មូលដ្ឋាន នៅ ប្រទេស ស៊ីរី	4.267	48000	6753
khm_6753_2784806902.wav	អាគីរ៉ា មាន សូរូម ក្នុង ប្រទេស កម្ពុជា	5.803	48000	6753
khm_6753_2790106984.wav	វិទ្យាស្ថាន បច្ចេកទេស ឧស្សាហកម្ម	3.84	48000	6753
khm_6753_2790824502.wav	ស្ទីវ ចប បាន បន្សល់ ទុក ស្នាដៃ សម្រាប់ មនុស្ស ជំនាន់ ក្រោយ	4.949	48000	6753
khm_6753_2791898168.wav	តាយិន ដើរ ទៅ ស្រែ	2.987	48000	6753
khm_6753_2795040298.wav	ប្រវត្តិ ព្រះ រាជ ពិធី ថ្វាយ ព្រះ ភ្លើង	4.267	48000	6753
khm_6753_2807177961.wav	ព្រះ អង្គ ម្ចាស់ ក្សត្រី អរុណរស្មី	4.096	48000	6753
khm_6753_2809514420.wav	ប្រវត្តិ នៃ ការ រៀប អាពាហ៍ពិពាហ៍ ខ្មែរ	4.096	48000	6753
khm_6753_2809830355.wav	កំពង់ធំ គឺ ជា ខេត្ត មួយ ដែល ស្ថិត នៅ ចំ កណ្ដាល ប្រទេស កម្ពុជា	5.12	48000	6753
khm_6753_2815969618.wav	លឹម មាន ហ័រ ផ្គត់ផ្គង់ សំភារៈ សំណង់	5.035	48000	6753
khm_6753_2816033509.wav	ការ ភ្ញាស់ កូន មាន់ តាម ចង្កៀង ប្រេងកាត	4.181	48000	6753
khm_6753_2823325336.wav	ប្រទេស ន័រវែស ជា ដែន ដី ដ៏ ស្រស់ ស្អាត	3.84	48000	6753
khm_6753_2849712606.wav	ដូចម្ដេច ដែល ហៅ ថា ភាព ជា អ្នក ដឹកនាំ	3.925	48000	6753
khm_6753_2850645486.wav	ទួរ៉ាន ជា រដ្ឋធានី របស់ ប្រទេស ចម្ប៉ា	4.181	48000	6753
khm_6753_2853936909.wav	អូទ្រីស និង អាល្លឺម៉ង់ កំពុង បើក ចំហ ព្រំដែន	6.485	48000	6753
khm_6753_2859368282.wav	បញ្ហា បរិស្ថាន នៅ ជុំវិញ មាត់ សមុទ្រ	3.84	48000	6753
khm_6753_2863228832.wav	ថាស៊ីអ័រ មាន ភោជនីយដ្ឋាន ពីរ កន្លែង	4.352	48000	6753
khm_6753_2864835604.wav	ខូហ្វើរិន រោងចក្រ ផលិត ស្រាបៀរ	3.584	48000	6753
khm_6753_2867355904.wav	ផ្លូវ ជាតិ លេខ ប្រាំ ចំនួន បី កំណាត់ ត្រូវ បាន ជួសជុល ធ្វើ ឡើង វិញ	5.973	48000	6753
khm_6753_2871729076.wav	ប៊ិនឡាដិន ជា ជនជាតិ ឥស្លាម	3.413	48000	6753
khm_6753_2873820653.wav	រឿង ផ្ដើម ស្នេហ៍ ក្រោម តំណក់ ទឹក ភ្លៀង	3.84	48000	6753
khm_6753_2874609385.wav	ឥឡូវ នេះ អ្នក រក្សា ទុក ឯកសារ នៅ លើ អ៊ីនធឺណិត បាន ដោយ ប្រើ ដ្របបក់	8.363	48000	6753
khm_6753_2879509079.wav	ជីវិត គឺ ជា ការ តស៊ូ	2.816	48000	6753
khm_6753_2880413364.wav	អ្នក អាច ស្វែងរក ក្រុមហ៊ុន របស់ ខ្ញុំ តាម រយៈ ហ្គូហ្គល មែប បាន	6.827	48000	6753
khm_6753_2888296688.wav	ហាង ផាត់ មុខ ធ្វើ សក់  អូថប់ហ្សិន	3.584	48000	6753
khm_6753_2899267909.wav	ដេវអ៊ិចប្រេស្ស ជា ក្រុមហ៊ុន ដឹក អ្នក ដំណើរ	3.925	48000	6753
khm_6753_2900555681.wav	កោះញែក  ជា ស្រុក មួយ ដែល ស្ថិត នៅ ខេត្ត មណ្ឌលគិរី	4.437	48000	6753
khm_6753_2904635389.wav	ភូមិសាស្ត្រ ប្រទេស កូរ៉េ ខាង ត្បូង	3.755	48000	6753
khm_6753_2907763959.wav	លោក ហ៊ែនថៃ សម្រាក នៅ កន្លែង ធ្វើការ	4.096	48000	6753
khm_6753_2907914675.wav	ពេល ទៅ សៀមរាប អ្នក ចង់ ទៅ លេង ភ្នំ គូលែន ទេ	4.608	48000	6753
khm_6753_2918850202.wav	ប្រវត្តិ ក្រុម ប្រឹក្សា ឃុំ សង្កាត់	4.011	48000	6753
khm_6753_2919004009.wav	ឈឺ យ៉ាង នេះ ហេតុ អ្វី ខ្ញុំ មិន ស្លាប់ ទៅ	4.352	48000	6753
khm_6753_2919995177.wav	វិញ្ញាសា គណិត វិទ្យា ទូទាំង ប្រទេស	4.352	48000	6753
khm_6753_2932964555.wav	គាត់ បើក ឡាន រង៉ាក់រង៉ើក	3.157	48000	6753
khm_6753_2933011388.wav	អាទិត្យ នេះ នឹង មាន ការ ប្រកួត បាល់ នៅ តារាង បាល់ ហ្វ៊ុតសាល ដំបូកខ្ពស់	5.888	48000	6753
khm_6753_2933945699.wav	ខៀវ សានសាណា រវល់ ច្រើន តែ សុខភាព ល្អ	4.693	48000	6753
khm_6753_2945853105.wav	បទពិសោធន៍ ការ ចិញ្ចឹម ទា របស់ កសិករ	4.523	48000	6753
khm_6753_2950569213.wav	ផ្សារ អូឡាំពិក នៅ ជិត ស្តាត អូឡាំពិក	5.717	48000	6753
khm_6753_2952004003.wav	លោក ហ្វៃ សំអាង ជា ម្ចាស់ ដឹកនាំ កម្មវិធី ទូរទស្សន៍	5.205	48000	6753
khm_6753_2961474724.wav	ម៉ោញ ទៅ លេង ផ្ទះ ប្រោញ	3.328	48000	6753
khm_6753_2982654516.wav	ស្នែប ឆាត ជា កម្មវិធី ដែល ពេញ និយម នៅ ស្រុក ថៃ	6.144	48000	6753
khm_6753_2983738519.wav	មូលនិធិ មួយ ឈ្មោះ ថា ព្រះ ម៉ែ ហ្វា ហ្លួង នៅ ខេត្ត ឈៀងរ៉ៃ បាន ជួយ ប្រជា ជន ក្រីក្រ យ៉ាង ច្រើន	7.253	48000	6753
khm_6753_2986260802.wav	ព្រះ បាទ អង្គ ឌួង មាន ឆន្ទៈ ដ៏ មោះមុត ក្នុង ការ ធ្វើ សឹក សង្គ្រាម ជាមួយ ជន បរទេស	6.827	48000	6753
khm_6753_2987560624.wav	ព្យុះ ទីហ្វុង បាន បំផ្លាញ ប្រទេស ហ្វ៊ីលីពីន អស់ មួយ ភាគ ធំ	4.693	48000	6753
khm_6753_2992579228.wav	មនុស្ស ស្រី ម្នាក់ នេះ មិន មែន ទន់ខ្សោយ	3.925	48000	6753
khm_6753_2995510124.wav	ទេសចរ អន្តរជាតិ ចូល តាម ច្រក អន្តរជាតិ ប៉ោយប៉ែត ថយ ចុះ	5.973	48000	6753
khm_6753_3001053944.wav	លក្ខណៈ ភូមិសាស្ត្រ នៃ ប្រទេស កម្ពុជា	4.011	48000	6753
khm_6753_3002346363.wav	តើ អារីហ្សូណា ជា ទីក្រុង ឬ ជា រដ្ឋ របស់ សហរដ្ឋ អាមេរិក	7.595	48000	6753
khm_6753_3003928903.wav	ប្រវត្តិ វិទ្យា និង មុខវិជ្ជា ផ្សេង ផ្សេង	3.925	48000	6753
khm_6753_3022528941.wav	ហត្ថាកសិករ បាន ជួយ ឱ្យ ជីវភាព របស់ កសិករ នៅ កម្ពុជា ធូរធារ ជាង មុន	8.448	48000	6753
khm_6753_3029123447.wav	ពិធី បុណ្យ ស្រោច ទឹក ជា ពិធី បុណ្យ អ្វី	4.693	48000	6753
khm_6753_3046448838.wav	ម៉ាសាអ៊ិ លក់ អាហារ ជប៉ុន	3.499	48000	6753
khm_6753_3046594554.wav	ប្រកាស សាលក្រម កាប់ រាន ព្រៃ លិច ទឹក	4.181	48000	6753
khm_6753_3047869225.wav	ក្លរហ្វេណាមីន ជា សារធាតុ គីមី ម្យ៉ាង	4.267	48000	6753
khm_6753_3066708238.wav	មនុស្ស មាន កាមកិលេស ច្រើន	3.243	48000	6753
khm_6753_3066806516.wav	ផល ប៉ះពាល់ បរិស្ថាន នៅ ពេល បច្ចុប្បន្ន	4.096	48000	6753
khm_6753_3069203713.wav	ច្បាប់ ស្តីពី ការ គ្រប់គ្រង សំណល់ រឹង	4.181	48000	6753
khm_6753_3070425223.wav	នាង ជា តារា កូន កាត់ ពីរ សាសន៍ គឺ ថៃ និង ដាណឺម៉ាក	5.035	48000	6753
khm_6753_3072945383.wav	ភិក្ខុ ប៉ាង ខាត់ ជា អ្នក ប្រាជ្ញ ជាតិ ម្នាក់ ដែល យើង មិន អាច បំភ្លេច បាន	5.205	48000	6753
khm_6753_3073300093.wav	ដ្បិតថា គាត់ ក្រ តែ គាត់ មាន សមានចិត្ត ល្អ ណាស់	4.864	48000	6753
khm_6753_3086768524.wav	បង ចាំ ទូរសព្ទ អូន អូន ចាំ ទូរសព្ទ គេ	4.779	48000	6753
khm_6753_3100709445.wav	ហ៊ីយ៉ាន់ដាយ មាន តម្លៃ ធូរ ថ្លៃ និង មាន គុណភាព ខ្ពស់	4.779	48000	6753
khm_6753_3103567733.wav	ខៀវ សាន សាណា ឆេះ ដុំ ពេល សួរ នាំ រឿង ស្វាមី	5.12	48000	6753
khm_6753_3106308802.wav	ផល ប៉ះពាល់ នៃ ការ កាប់ បំផ្លាញ ព្រៃឈើ	4.523	48000	6753
khm_6753_3107441574.wav	ហ៊ីត្លែ បាន ធ្វើ អត្តឃាត ខ្លួនឯង	5.376	48000	6753
khm_6753_3110974323.wav	ប្រព័ន្ធ ស្រោចស្រព ប្រទេស កម្ពុជា	3.755	48000	6753
khm_6753_3118441012.wav	ប្រធាន ក្រុម ប្រឹក្សា ខេត្ត មណ្ឌល គិរី	4.096	48000	6753
khm_6753_3124038913.wav	ស្ថាបនា លីមីតធីត គឺ ជា ក្រុមហ៊ុន ផ្តល់ សេវាកម្ម ហិរញ្ញ វត្ថុ ដល់ សហគ្រិន កម្ពុជា	8.96	48000	6753
khm_6753_3127781231.wav	បញ្ជី ឈ្មោះ អ្នក បោះឆ្នោត នៅ កម្ពុជា	3.84	48000	6753
khm_6753_3131058271.wav	របៀប រៀបចំ ប្រារព្ធ ពិធី បុណ្យ កឋិន	4.096	48000	6753
khm_6753_3139698442.wav	យូមែនរ៉ៃត៍វច្ឆ ជា ឈ្មោះ អង្គការ ប្រចាំ នៅ កម្ពុជា	4.779	48000	6753
khm_6753_3139715779.wav	ឯកសារ ជា ច្រើន ត្រូវ បាន ធ្វើ វិសោធនកម្ម	4.267	48000	6753
khm_6753_3148348929.wav	ផែនទី ភូមិសាស្ត្រ រាជធានី ភ្នំពេញ	3.925	48000	6753
khm_6753_3148563708.wav	ចោរ ចូល លួច ផ្ទះ លក់ដូរ នៅ បែក ចាន	3.84	48000	6753
khm_6753_3150781361.wav	សាន សុម៉ាលី តែងតែ បង្ហាញ ភាព សិចស៊ី នៅ លើ ទំព័រ ហ្វេសប៊ុក របស់ នាង	6.144	48000	6753
khm_6753_3153808055.wav	អាហារូបករណ៍ របស់ ប្រទេស អូទ្រីស	4.011	48000	6753
khm_6753_3154384617.wav	ហ្វ៊ីលីព ជា ក្រុមហ៊ុន លក់ ទូរ ទឹកកក ដ៏ ពេញ និយម នៅ វៀតណាម	5.035	48000	6753
khm_6753_3156205564.wav	គាត់ ជិះ ម៉ូតូ មួល ហ្គ៊ារ កប់ កប់	4.011	48000	6753
khm_6753_3159265914.wav	ប្រវត្តិ អក្សរ សាស្ត្រ សម័យ លង្វែក	3.669	48000	6753
khm_6753_3160085982.wav	ចំងាយ ផ្លូវ ពី ភ្នំពេញ ទៅ ខេត្ត កំពត	4.437	48000	6753
khm_6753_3166382284.wav	ខ្ញុំ ចូលចិត្ត ការ សម្ដែង របស់ លោក ឡុង សៀម	4.693	48000	6753
khm_6753_3168076903.wav	លោក  ហ្គន់ហ្សាឡេស  និយាយ ភាសា ខ្មែរ បាន យ៉ាង ល្អ	4.437	48000	6753
khm_6753_3175623069.wav	នីហ្សេរីយ៉ា មាន ប្រជា ជន ភៀសខ្លួន មក កម្ពុជា ច្រើន	4.693	48000	6753
khm_6753_3175952468.wav	លោក អេ ភូថង ជា គ្រូ បង្វឹក របស់ កីឡា ករ វ័យ ក្មេង ឡៅ ចន្ទ្រា	6.571	48000	6753
khm_6753_3177294066.wav	ហ្វែកធ័រ ជា រោងចក្រ ដំឡើង គ្រឿង យន្ត	3.84	48000	6753
khm_6753_3180171924.wav	ប្រវត្តិ ពិធី បុណ្យ ច្រត់ ព្រះ នង្គ័ល	4.181	48000	6753
khm_6753_3182219720.wav	ព្រះ បាទ នរោត្តម សីហនុ ជា ព្រះ វររាជ បិតា ជាតិ ខ្មែរ	5.205	48000	6753
khm_6753_3192658026.wav	សេវា អ៊ីនធឺណិត មិត្តហ្វូន គ្របដណ្ដប់ ធំ ទូលាយ ជាង គេ ក្នុង ប្រទេស កម្ពុជា	6.827	48000	6753
khm_6753_3198875478.wav	ច្បាប់ ស្តីពី ការ បង្កើត គ្រឹះស្ថាន	4.693	48000	6753
khm_6753_3205781200.wav	ច្បាប់ ក្នុង ក្រុមហ៊ុន ពាណិជ្ជ កម្ម	3.584	48000	6753
khm_6753_3209148339.wav	តុលាការ សាលា ដំបូង រាជធានី ភ្នំពេញ	5.12	48000	6753
khm_6753_3210626838.wav	ខូហ្វីន មាន ឆ្កែ មួយ និង ឆ្មារ ពីរ ក្បាល	3.925	48000	6753
khm_6753_3212837845.wav	បើ យើង បំបែក ស័ព្ទ នេះ ទៅ អាច យល់ បាន ថា បឹងត្របែក គឺ បឹង ដែល មាន ដើម ត្របែក	6.656	48000	6753
khm_6753_3220319922.wav	ពាណិជ្ជ កម្ម ក្រៅ ប្រទេស ធ្លាក់ ចុះ	3.755	48000	6753
khm_6753_3222506539.wav	សាមឺឌី  ឌឺដង ដាក់  បួខៃ  ម្ដង ហើយ ម្ដង ទៀត	4.523	48000	6753
khm_6753_3240498404.wav	វៀខល លក់ ម៉ូតូ គ្រប់ ធុន	3.243	48000	6753
khm_6753_3246040755.wav	មន្ទីរ កសិកម្ម ខេត្ត បន្ទាយមានជ័យ	4.437	48000	6753
khm_6753_3253635004.wav	ផ្សារ ទំនើប  ហ្គែរហ្គោន  ទើបតែ បើក នៅ ភូមា	4.267	48000	6753
khm_6753_3269286989.wav	ប្រព័ន្ធ បណ្តុះបណ្តាល នៃ ភាព ជោគជ័យ	4.096	48000	6753
khm_6753_3269933422.wav	ជីជី ពិធី ការិនី វ័យ ក្មេង របស់ ស៊ី ធី អិន	4.437	48000	6753
khm_6753_3273297378.wav	ហ្វដ ជា ក្រុមហ៊ុន ដែល លក់ រថយន្ត មាន គុណភាព ល្អ និង រឹងមាំ	5.803	48000	6753
khm_6753_3273351093.wav	ថន លក្ខិណា និយាយ អំពី កីឡា ករ ជម្រើស ជាតិ កម្ពុជា	5.035	48000	6753
khm_6753_3276234428.wav	ឆេះ បន្ទប់ ជួល នៅ សង្កាត់ បឹងទំពុន ផ្អើល ប្រជា ពលរដ្ឋ	5.291	48000	6753
khm_6753_3278876802.wav	លីដា កាត់ កញ្ចក់ និង ធ្វើ ស៊ុម រូបថត	4.437	48000	6753
khm_6753_3281243483.wav	ល្បែង កន្ទុយ លេខ ក្នុង ស្រុក កំពង់ត្រាច កំពុង តែ រីក ដុះដាល ដូច ផ្សិត	5.547	48000	6753
khm_6753_3290042304.wav	អ៊ីស្លង់ ប្រកាស បិទ គេហទំព័រ អាសអាភាស ទូទាំង ប្រទេស	5.717	48000	6753
khm_6753_3296548466.wav	សាលា បច្ចេកវិទ្យា ន័រថ្រូប	3.669	48000	6753
khm_6753_3297732979.wav	ទំនាក់ទំនង ការទូត កម្ពុជា និង វៀតណាម	4.267	48000	6753
khm_6753_3299194791.wav	សំរាម នៅ លើ កំណាត់ មហា វិថី វេងស្រេង	4.437	48000	6753
khm_6753_3301506396.wav	ឡាសវេហ្គាស មាន កោះ ស្រស់ ស្អាត	4.779	48000	6753
khm_6753_3303028084.wav	ទឹក ភ្នែក អូន ស្រក់ មិន មែន គ្មាន បញ្ហា	4.267	48000	6753
khm_6753_3326345864.wav	ខាន់ ជេមស៍ ធ្វើ ឱ្យ ទស្សនិកជន ភ្ញាក់ ផ្អើល ជាមួយ ស្តាយ រាំ បែប ថ្មី	5.632	48000	6753
khm_6753_3327277779.wav	យ៉ាកូ តិចណូឡូជី ខេមបូឌា ខូ អិល ធី ឌី	5.547	48000	6753
khm_6753_3335349305.wav	ហ្វេរ៉ារី ជា ក្រុមហ៊ុន ឡាន ស្ព័រ ប្រណិត	4.181	48000	6753
khm_6753_3346363469.wav	លោក ប្រាជ្ញ ឈួន ត្រូវ ពួក ខ្មែរ ក្រហម ជម្លៀស ចេញ ពី ភ្នំពេញ ទៅ កាន់ ទី ជនបទ នៅ សម័យ ប៉ុល ពត	7.509	48000	6753
khm_6753_3350219864.wav	គគីរ ជា ឈើ ប្រណិត មួយ ប្រភេទ ដែល មាន ដើម ធំ	4.608	48000	6753
khm_6753_3351832136.wav	ស្រាបៀរ អាន់ឆ័រ តែងតែ មាន សកម្មភាព សប្បាយ រីករាយ	6.656	48000	6753
khm_6753_3354221976.wav	អ្នក អាច ទិញ សំបុត្រ ចូលរួម នៅ គ្រប់ សាខា តេលា ម៉ាត ក្នុង ព្រះ រាជាណាចក្រ កម្ពុជា	6.741	48000	6753
khm_6753_3358165492.wav	ស្រាបៀរ ភ្នំពេញ រសជាតិ ថ្មី ក្លិន ប្រហើរ ថ្មី ពេញចិត្ត អតិថិជន	8.021	48000	6753
khm_6753_3362824302.wav	នាយ នាវិក ជន ជាតិ ទុយនេស៊ី ត្រូវ បាន ចោត ប្រកាន់ ពី បទ មាន កំហុស កាច់ ចង្កូត នាវា ទៅ បុក នាវា ជំនួញ	7.936	48000	6753
khm_6753_3370258901.wav	សាដាំ ហ៊ូ សេន ជា អ្នក កាន់កាប់ របប ផ្តាច់ការ	4.352	48000	6753
khm_6753_3371406340.wav	ទឹង ជា មនុស្ស មិន សូវ ចេះ និយាយ ស្ដី	3.925	48000	6753
khm_6753_3372920291.wav	ទីផ្សារ មូលប័ត្រ នៅ ប្រទេស កម្ពុជា	4.352	48000	6753
khm_6753_3376601578.wav	ចិន ទិញ ប្រេង និង ធនធាន រ៉ែ ពី អាហ្សង់ទីន	5.803	48000	6753
khm_6753_3381835277.wav	ព្រីមៀរ៉ា ធ្វើ ការ នៅ ភ្នំពេញ ពីរ ឆ្នាំ ហើយ	4.181	48000	6753
khm_6753_3386774442.wav	ទោស បណ្ដាល ពី ការ ប្រព្រឹត្ត ខុស សីលធម៌	4.267	48000	6753
khm_6753_3388313448.wav	កំលោះ ហុងដា កញ្ញា ប៉េសេ	5.461	48000	6753
khm_6753_3388377772.wav	អ៊ីរ៉ង់ មាន នុយក្លេអ៊ែរ ប៉ុន្មាន គ្រាប់ ហ្នឹង	4.437	48000	6753
khm_6753_3389378512.wav	តាយហ្វ័រ លក់ ទូរសព្ទ ដៃ	3.413	48000	6753
khm_6753_3396660818.wav	បញ្ជី ឈ្មោះ បោះឆ្នោត ខេត្ត កំពង់ចាម	4.096	48000	6753
khm_6753_3401913552.wav	អណ្ដើក វា គគីមគគើម ពេញ មាត់ បឹង	4.096	48000	6753
khm_6753_3404414208.wav	ស្រីរ័ត្ន បាន ទៅ ប៉ាណាម៉ា	4.693	48000	6753
khm_6753_3404534535.wav	ប្រើ មេទីលហ្វង់តានីល មួយ ថ្ងៃ បី ដង	4.267	48000	6753
khm_6753_3411311429.wav	ហៃ ទី បាន ទទួល រង នូវ គ្រោះ ធម្មជាតិ ដ៏ សាហាវ	5.888	48000	6753
khm_6753_3412085466.wav	បាន ដួល សន្លប់ នៅ និង កន្លែង កើត ហេតុ	4.096	48000	6753
khm_6753_3417211235.wav	ជិននីហ្វើ  មាន ស្នាដៃ ល្អ ខាង គំនួរ	3.925	48000	6753
khm_6753_3424480348.wav	តោះ ទៅ ជប់លៀង នៅ ព្រែកលៀប	3.157	48000	6753
khm_6753_3427796541.wav	ហុងគ្រី ជា ប្រទេស ដែល មាន ជន ជាតិ ភាគ តិច ច្រើន	4.608	48000	6753
khm_6753_3428699909.wav	ចំនួន ប្រជា ជន ក្នុង ទីក្រុង ភ្នំពេញ	4.267	48000	6753
khm_6753_3440291198.wav	ដាំស៊ែលហ្លាយ ជា ហូតែល លំដាប់ ផ្កាយ ប្រាំ	4.352	48000	6753
khm_6753_3441432099.wav	អារីហ្សូណា ជា រដ្ឋ មួយ នៅ សហរដ្ឋ អាមេរិក	6.315	48000	6753
khm_6753_3442148805.wav	ខំផោន ហាង លក់ នំប៉័ង	3.157	48000	6753
khm_6753_3461850716.wav	គេ អះអាង ថា ទៅ កាប់ ដល់ ភ្នំ ឱរ៉ាល់ នៅ ខេត្ត កំពង់ស្ពឺ	5.547	48000	6753
khm_6753_3464895622.wav	ច្បាប់ ស្តីពី កិច្ច ការពារ បរិស្ថាន	3.925	48000	6753
khm_6753_3471012603.wav	កិច្ចសន្យា ពាណិជ្ជ កម្ម អន្តរជាតិ	3.584	48000	6753
khm_6753_3472765707.wav	ប្រវត្តិសាស្ត្រ ខ្មែរ នា សម័យ អង្គរ	3.84	48000	6753
khm_6753_3480317556.wav	យុត្តិធម៌ គ្មាន ទេ សម្រាប់ អ្នក ស្មោះ	4.011	48000	6753
khm_6753_3487093456.wav	ធ្វើ បុណ្យ បាន បុណ្យ ធ្វើ បាប បាន បាប	4.011	48000	6753
khm_6753_3487407037.wav	ចិញ្ចឹម មាន់ ស្រុក សម្រាប់ ទីផ្សារ	3.925	48000	6753
khm_6753_3499890884.wav	ការ នាំ ចេញ មៀន ប៉ៃលិន កើន ឡើង ហុក សិប ភាគរយ	5.205	48000	6753
khm_6753_3503397289.wav	ញាតិញោម ពុទ្ធបរិស័ទ បាន នាំ យក បច្ច័យ កសាង វិហារ	4.523	48000	6753
khm_6753_3505758954.wav	កែវ តារា ភព ជា តារា ទើបតែ នឹង ចូល ពិភព សិល្បៈ	5.632	48000	6753
khm_6753_3511222921.wav	ចាហ្គណា ជា តំបន់ ទាក់ទាញ អ្នក ទេសចរ	3.925	48000	6753
khm_6753_3515905273.wav	ច្បាប់ ស្តីពី ការ គ្រប់គ្រង រាជធានី	4.352	48000	6753
khm_6753_3523611354.wav	ហ្គាម៉ិន ជា ក្រុមហ៊ុន ថ្មី របស់ បារាំង	3.669	48000	6753
khm_6753_3535437833.wav	ស្រី តូច ចំណាន ចែក ធៀប រៀបការ នៅ កោះពេជ្រ	4.352	48000	6753
khm_6753_3535499044.wav	ពូ ហែត មក ពី ខេត្ត រតនគិរី	3.499	48000	6753
khm_6753_3536254480.wav	ពេទ្យ ព្យាបាល ដោយ ម្ជុល វិទ្យាសាស្ត្រ	3.669	48000	6753
khm_6753_3542344810.wav	រ៉ុកខឺហ្វេល័រ និយាយ ញ៉េះញ៉ោះ ដាក់ ស្រី ស្រី	4.096	48000	6753
khm_6753_3548695516.wav	នាយ តាក់ស៊ី មាន ជំងឺ ទឹក នោម ផ្អែម	3.243	48000	6753
khm_6753_3555164822.wav	បឹង ទន្លេ សាប ផ្តល់ ផល នេសាទ ពី ម្ភៃ ម៉ឺន តោន ទៅ ម្ភៃ មួយ ម៉ឺន ប្រាំបី ពាន់ តោន ក្នុង មួយ ឆ្នាំ	7.936	48000	6753
khm_6753_3557020777.wav	មក ស្រឡាញ់ អូន បាន ម្តេច ស្មោះ មិន បាន	4.011	48000	6753
khm_6753_3558201621.wav	ម៉ាក ហ្សាក់ឃើប៊ើគ ក្លាយ ជា មហា សេដ្ឋី វ័យ ក្មេង	4.096	48000	6753
khm_6753_3558564226.wav	ហាង កាត់ សក់  សតហ៊ែរ  មាន  ប្រូម៉ូសិន  ពិសេស	4.181	48000	6753
khm_6753_3570321443.wav	លូហ្គែន ញ៉ាំ អាហារ ថ្ងៃ ត្រង់ នៅ សាលា	3.925	48000	6753
khm_6753_3573929295.wav	បូដ្វាំង ហែក ក្រដាស ឮ សូរ ខ្វោកខ្វាក	4.181	48000	6753
khm_6753_3580362377.wav	ភោជនីយដ្ឋាន និង កាហ្វេ ដំរី មេគង្គ	4.608	48000	6753
khm_6753_3583427763.wav	បើ អត់ ពី បង តើ មាន អ្នក ណា ស្រឡាញ់ អូន	4.181	48000	6753
khm_6753_3610460754.wav	ស្វា នេះ ឆ្លាត ប្រហែល អ៊ូខុង	4.608	48000	6753
khm_6753_3620949231.wav	ប្យ៊ូធីហ៊្វុល បង្រៀន កែ សម្ផស្ស បុរស នារី	4.267	48000	6753
khm_6753_3623475226.wav	វត្ត សំពៅ ប្រាំ ឋិត នៅ លើ ទី ខ្ពង់រាប នៃ ភ្នំ បូកគោ	5.12	48000	6753
khm_6753_3624047232.wav	ព្រុចស៊ែល មាន លក់ ឥវ៉ាន់ ម៉ាក ល្បី ល្បី ច្រើន	4.437	48000	6753
khm_6753_3630189519.wav	យើង អ្នក ស្រែ ត្រូវ ជឿ អ្នក ស្រែ ដូច គ្នា	4.352	48000	6753
khm_6753_3633641224.wav	ប្រទេស អភិវឌ្ឍន៍ នៅ ក្នុង សម័យ ទំនើប	4.352	48000	6753
khm_6753_3636811181.wav	នៅ ក្នុង ភូមិសាស្ត្រ ស្រុក ល្វាឯម សំបូរ ទៅ ដោយ គ្រាប់ យុទ្ធភ័ណ្ឌ មិន ទាន់ ផ្ទុះ នៅ សេសសល់ តាំងពី សម័យ សង្គ្រាម	8.192	48000	6753
khm_6753_3637717037.wav	ទីក្រុង អាហ្គ្រា មាន ប្រជា ជន ច្រើន ជាង គេ នៃ ប្រទេស ឥណ្ឌា	5.376	48000	6753
khm_6753_3640125376.wav	មធ្យោបាយ នៃ ការ ចាប់ផ្តើម អាជីវកម្ម	4.352	48000	6753
khm_6753_3649637173.wav	ប្រតិបត្តិការ ហ្វឹកហ្វឺន មួយ ធ្វើ ធ្វើ ឡើង នៅ ជិត តំបន់ យុទ្ធសាស្ត្រ ដ៏ សំខាន់ នៃ ច្រក ចូល ឈូង សមុទ្រ ពែក	7.424	48000	6753
khm_6753_3651438570.wav	គើត មាន ភោជនីយដ្ឋាន មួយ នៅ ខេត្ត សៀមរាប	4.011	48000	6753
khm_6753_3653800902.wav	ទិន្នន័យ ក្នុង ការ រៀបចំ ក្រុង ភ្នំពេញ	4.523	48000	6753
khm_6753_3657507387.wav	ប្រវត្តិ ពិធី បុណ្យ ពូនភ្នំ ខ្សាច់	3.84	48000	6753
khm_6753_3661177015.wav	វីអេណា ហ្នឹង អី គេ ហើយ នៅ ឯ ណា	4.949	48000	6753
khm_6753_3666538639.wav	ប្រវត្តិ របស់ ក្រសួង កិច្ចការ នារី	3.84	48000	6753
khm_6753_3669516302.wav	ច្បាប់ អង្គការ ពាណិជ្ជ កម្ម ពិភព លោក	3.925	48000	6753
khm_6753_3672699050.wav	ព្រះ ពុទ្ធសាសនា និង ព្រាហ្ម សាសនា	4.181	48000	6753
khm_6753_3682533968.wav	ផល ប៉ះពាល់ នៃ ការ ប្រើប្រាស់ គ្រឿង ញៀន	3.925	48000	6753
khm_6753_3689678845.wav	រដ្ឋសភា ក្នុង ព្រះ រាជាណាចក្រ កម្ពុជា	4.949	48000	6753
khm_6753_3690822710.wav	ដំបូង ចូលចិត្ត បន្ទាប់ មក ក៏ ស្រលាញ់	4.523	48000	6753
khm_6753_3694044761.wav	ប្រធាន ក្រុម ប្រឹក្សា ខេត្ត បាត់ដំបង	3.925	48000	6753
khm_6753_3705573785.wav	នាយកដ្ឋាន ឧស្សាហកម្ម ហិរញ្ញ វត្ថុ	4.096	48000	6753
khm_6753_3709494939.wav	ខូហ្វើរិន សម្រាក ព្យាបាល ជំងឺ នៅ មន្ទីរពេទ្យ	4.523	48000	6753
khm_6753_3717552754.wav	សមត្ថកិច្ច ដេញ ចោរ រត់ មក ដល់ ផ្សារ ហេង លី	4.779	48000	6753
khm_6753_3727595480.wav	ពិធី ក្រុង ពាលី នៅ ប្រាសាទ ព្រះវិហារ	4.523	48000	6753
khm_6753_3729078079.wav	ស្មាត ឥឡូវ មាន សេវា ពេញ ប៊ឹប ហ្មង	3.584	48000	6753
khm_6753_3733916205.wav	ហ៊ឹម ស៊ីវន បាន ចេញ ទៅ ច្រៀង នៅ ក្រៅ ប្រទេស	4.352	48000	6753
khm_6753_3736499832.wav	យើង មិន ត្រូវ និយាយ ភូតភរ ទេ	3.669	48000	6753
khm_6753_3739721131.wav	រចនា សម្ព័ន្ធ គ្រប់គ្រង ក្រុមហ៊ុន	4.096	48000	6753
khm_6753_3739859917.wav	គូ ស្នេហ៍ ថ្មី របស់ ចន ច័ន្ទលក្ខិណា ប្រាប់ ប្រវត្តិ ស្នេហ៍	5.205	48000	6753
khm_6753_3744843173.wav	ក្លរហ្វេនី ជា ឈ្មោះ សារធាតុ ញៀន	3.755	48000	6753
khm_6753_3746705540.wav	ភ្នំពេញ ជា បេះដូង នៃ ប្រទេស កម្ពុជា	3.584	48000	6753
khm_6753_3754050477.wav	កែវយឹត និង កែវ ពង្រីក ជា ឧបករណ៍ ពីរ ផ្សេង គ្នា	4.437	48000	6753
khm_6753_3771391665.wav	វិទ្យាស្ថាន បច្ចេកវិទ្យា ព្រះ កុសមៈ	4.267	48000	6753
khm_6753_3779337876.wav	លោក  រ៉េមបូ  ជា តារា សំណព្វ របស់ ទស្សនិកជន ក្នុង ស្រុក ខ្មែរ	5.547	48000	6753
khm_6753_3779768261.wav	បញ្ហា បរិស្ថាន ក្នុង ប្រទេស កម្ពុជា	4.181	48000	6753
khm_6753_3785884936.wav	ប្រវត្តិ ប្រជាធិបតេយ្យ នៅ កម្ពុជា	4.096	48000	6753
khm_6753_3788911907.wav	កំពង់ត្រាច ជា ស្រុក ជាប់ លំដាប់ ថ្នាក់ លេខ មួយ ខាង បើក ល្បែង ស៊ីសង និង កន្ទុយ លេខ	6.315	48000	6753
khm_6753_3791199823.wav	ឧបករណ៍ អេឡិចត្រូនិក របស់ ក្រុមហ៊ុន ឡូជីតិច ពិត ជា ល្អ ណាស់	7.339	48000	6753
khm_6753_3793219517.wav	ព្រុចស៊ែល មាន សិស្ស ហ្វ៊ីលីពីន យ៉ាង ច្រើន	3.755	48000	6753
khm_6753_3795443681.wav	ប្រាសាទ ព្រះវិហារ ចូល ជា បេតិកភណ្ឌ	4.181	48000	6753
khm_6753_3797284604.wav	ជ័យជេដ្ឋា ទី ពីរ មាន ព្រះ ទ័យ សណ្ដោស ប្រណី ល្អ ណាស់	4.779	48000	6753
khm_6753_3798539314.wav	លោក ជម ទិញ ម៉ូតូ ថ្មី ថ្ងៃ នេះ	3.584	48000	6753
khm_6753_3799783695.wav	យុទ្ធសាស្ដ្រ កាត់ បន្ថយ ភាព ក្រីក្រ	4.181	48000	6753
khm_6753_3802215882.wav	គាត់ មក ធ្វើ ការ យឺត រាល់ ថ្ងៃ	3.413	48000	6753
khm_6753_3805608921.wav	លោក យ៉ែម សំអូន និង អ្នកនាង យ៉ាន លីនដា ឈ្លោះ គ្នា បែក ខ្ទិះ	5.035	48000	6753
khm_6753_3807305630.wav	នាង យក់ ថិតរដ្ឋា និង នាង សុខ ស៊ីឡាលីន មិន មាន ជម្លោះ ជាមួយ គ្នា ទេ	6.4	48000	6753
khm_6753_3808613838.wav	អ្នក អាច ស្វែងរក ការងារ ធ្វើ តាម រយៈ គេហទំព័រ លីង អ៊ីន	6.827	48000	6753
khm_6753_3810168948.wav	អ្នក ណា អ្នក ណា ក៏ ស្គាល់ លោកស្រី អ៊ុក សុផា ដែរ	4.779	48000	6753
khm_6753_3811559432.wav	មូលហេតុ នៃ វិបត្តិ សេដ្ឋកិច្ច ពិភព លោក	4.267	48000	6753
khm_6753_3819850521.wav	ពុទ្ធិក សាកល វិទ្យាល័យ ព្រះ សីហនុ រាជ	4.949	48000	6753
khm_6753_3822310243.wav	ច្បាប់ ស្តីពី មន្ត្រី រាជការ ស៊ីវិល	4.437	48000	6753
khm_6753_3829720143.wav	កាបូនក្វាទែនែ ជា ឈ្មោះ សមាសធាតុ គីមី មួយ ប្រភេទ	5.291	48000	6753
khm_6753_3829944931.wav	តូយ៉ូតា គឺ ជា ក្រុមហ៊ុន មួយ ដែល មាន លក់ ឡាន គ្រប់ ស៊េរី	4.864	48000	6753
khm_6753_3838793696.wav	អេច្ឆ ភី រក លុយ បាន រាប់ លាន ដុល្លារ ជា រៀងរាល់ ឆ្នាំ	6.059	48000	6753
khm_6753_3839162640.wav	ម៉ាហ្ស៊ាំងដុល ជា តំបន់ ទាក់ទាញ អ្នក សេដ្ឋកិច្ច	4.011	48000	6753
khm_6753_3845315552.wav	ព្រូដិនសល ជា ក្រុមហ៊ុន ធានារ៉ាប់រង អាយុ ជីវិត ដ៏ ធំ ជាង គេ	6.315	48000	6753
khm_6753_3846545034.wav	ទឹប៉ង់ទីន ជា កន្លែង លក់ សំបុត្រ កុន	4.096	48000	6753
khm_6753_3849440623.wav	អាក់ទីវភីភល ត្រូវការ ជ្រើសរើស បុគ្គលិក ច្រើន នាក់	4.608	48000	6753
khm_6753_3852737629.wav	អ៊ូហ្សបេគីស្តង់ នៅ ជាប់ នឹង អឺរ៉ុប	3.584	48000	6753
khm_6753_3863238668.wav	គុណ វិបត្តិ នៃ ការ បំផ្លាញ បរិស្ថាន	4.011	48000	6753
khm_6753_3869633638.wav	ហ្សាកាតា ជា ទីក្រុង នៃ ប្រទេស ឥណ្ឌូនេស៊ី	6.144	48000	6753
khm_6753_3871887108.wav	វចនានុក្រម សម្ដេច សង្ឃរាជ ជួន ណាត	4.352	48000	6753
khm_6753_3877564917.wav	ស្មាតហ្វូន ពី ប្រទេស ជប៉ុន បាន រៀបចំ ពិធី បើក សម្ពោធ ផលិតផល របស់ ខ្លួន	8.448	48000	6753
khm_6753_3879057680.wav	ហ្សិប ជា ឈ្មោះ តំបន់ មួយ នៅ ប៉ែក អឺរ៉ុប	3.669	48000	6753
khm_6753_3879601180.wav	ហ្វៃ សំអាង ជា កវី និពន្ធ មួយ រូប	3.413	48000	6753
khm_6753_3881713073.wav	ផ្ទះ សំណាក់ និង ភោជនីយដ្ឋាន សាន់ដេ	4.096	48000	6753
khm_6753_3885766178.wav	សាលា រាជធានី ភ្នំពេញ គ្រោង ស្តារ អាង ស្ដុក ទឹក បឹងត្របែក ខាង ត្បូង និង ខាង ជើង	6.997	48000	6753
khm_6753_3894697789.wav	ឆាតហ្គឺ និង ជេកហ្គឺ ទៅ មើល កុន យប់ មិញ	4.181	48000	6753
khm_6753_3898186777.wav	តា ញ៉ោក ទៅ ស្រែ ច្រូត ស្រូវ	3.669	48000	6753
khm_6753_3898642128.wav	កូអាស៊ែវ៉ា ជា កូន អ្នក មាន ទ្រព្យសម្បត្តិ ម្នាក់	4.352	48000	6753
khm_6753_3910521378.wav	ដោយ ទេពកោសល្យ ដ៏ លេច ធ្លោ នាង ក៏ ក្លាយ ជា អ្នក ចម្រៀង ប្រចាំការ នៅ រង្គសាល មេគង្គ រង្គសាល បែលអ៊ែរ នៅ ពោធិចិនតុង ជា ដើម	8.875	48000	6753
khm_6753_3914609269.wav	កម្មវិធី យប់ នេះ មាន កិត្តិយស ណាស់ ដែល រ៉ៃ ប្រាដឺ បាន ចូលរួម	5.547	48000	6753
khm_6753_3916682839.wav	ច្បាប់ កម្មសិទ្ធិ បញ្ញា នៅ កម្ពុជា	3.84	48000	6753
khm_6753_3920084136.wav	សរសៃ អាកទែ និង សរសៃ វ៉ែន មាន តួនាទី សំខាន់ ក្នុង ការ នាំ ឈាម ចេញ ចូល បេះដូង	6.912	48000	6753
khm_6753_3923549015.wav	ខៀវ កើស បាន បរិច្ចាគ លុយ ឱ្យ មន្ទីរ ពេទ្យ គន្ធបុប្ផា	5.547	48000	6753
khm_6753_3929723944.wav	ខាប៊ីម៉ាហ្សល កន្លែង កំសាន្ត សម្រាប់ ស្ត្រី	4.096	48000	6753
khm_6753_3937118250.wav	ច្បាប់ ស្តីពី ការ ធ្វើ អាជីវកម្ម រ៉ែ	4.011	48000	6753
khm_6753_3937525748.wav	បើ ចង់ ទិញ កុំព្យូទ័រ ឬ គ្រឿង អេឡិចត្រូនិក សូម កុំ ភ្លេច ឆែក មើល ទស្សនាវដ្ដី កុំព្យូទ័រ	6.997	48000	6753
khm_6753_3938340527.wav	អ្នក រង របួស ត្រូវ បាន គេ បញ្ជូន ទៅ សង្គ្រោះ នៅ មន្ទីរ ពេទ្យ បាយ័ន	7.509	48000	6753
khm_6753_3952632852.wav	ចាប់ ពី រង្វង់មូល អង់តែន ទួលគោក មក ដល់ ស្តុប តិចណូ	5.547	48000	6753
khm_6753_3955579411.wav	ស្មាត វ៉ច្ឆ  របស់  អ៊ែបផល  មាន តម្លៃ សមរម្យ	4.267	48000	6753
khm_6753_3955966727.wav	ឡូជីតិច ផលិត ឧបករណ៍ ប្រើ ជាមួយ កុំព្យូទ័រ	5.973	48000	6753
khm_6753_3967253483.wav	លោក តា ឃ្លាំងមឿង ជា មេ ទ័ព ខ្លាំង ពូកែ ខាង សង្គ្រាម	4.608	48000	6753
khm_6753_3967433380.wav	មន្ទីរ សេដ្ឋកិច្ច និង ហិរញ្ញ វត្ថុ	3.755	48000	6753
khm_6753_3969323474.wav	ក្មេង ក្មេង ចាក់ វ៉ាក់សាំង ការពារ ជំងឺ គ្រុន ស្វិត ដៃ ជើង	4.864	48000	6753
khm_6753_3977024959.wav	ភ្នំពេញ អុបទិក លក់ វ៉ែនតា គ្រប់ ប្រភេទ	5.803	48000	6753
khm_6753_3981022324.wav	ទំនាក់ទំនង ពាណិជ្ជ កម្ម អន្តរជាតិ	4.437	48000	6753
khm_6753_3981239918.wav	ផ្តើម លេង ហ្វេសប៊ុក ផ្តើម មាន ស្នេហា	4.011	48000	6753
khm_6753_3989745951.wav	នីតិ វិធី កិច្ច ព្រមព្រៀង អន្តរជាតិ	4.267	48000	6753
khm_6753_3992890719.wav	នាង អង្គុយ យោល ទោង ប៉ផ្ងាក់ប៉ផ្ងើក	3.84	48000	6753
khm_6753_3994736403.wav	តម្លៃ សំបុត្រ ចូល ឌីស្នីលែន ថ្លៃ ណាស់	4.181	48000	6753
khm_6753_3998092542.wav	ប្រព័ន្ធ ព្រះ អាទិត្យ និង តារា នានា	4.267	48000	6753
khm_6753_4000513277.wav	សុខ ជំនោរ ជា កវី និពន្ធ ក្នុង ផលិតកម្ម ហង្ស មាស	4.693	48000	6753
khm_6753_4005191810.wav	ក្រុមហ៊ុន ហ្វ៊ីលីព មាន អាយុ មួយ រយ ម្ភៃ បួន ឆ្នាំ ហើយ	6.656	48000	6753
khm_6753_4006735950.wav	ហេច្ឆ ភី ជា ក្រុមហ៊ុន លក់ កុំព្យូទ័រ ដ៏ ល្បី នៅ ចិន	6.229	48000	6753
khm_6753_4012654250.wav	ពេល អូន មាន អ្នក ថ្មី បង ធ្វើ អ្វី ក៏ ខុស	4.352	48000	6753
khm_6753_4015932680.wav	ផើង ផ្កា បុរាណ មាន តម្លៃ មិន អាច កាត់ ថ្លៃ បាន	4.267	48000	6753
khm_6753_4016614538.wav	អារ៉ាប់ប៊ីសាអូឌីត ជា ប្រទេស ដែល សំបូរ ដោយ មហា សេដ្ឋី	6.656	48000	6753
khm_6753_4021849673.wav	កាបូហ្វូនរ៉ាន និង កូហ្វាក់ទ័រ ជា មិត្ត និង គ្នា	4.352	48000	6753
khm_6753_4025226961.wav	កុល ដាវី មាន សម្រស់ ស្រស់ សោភា	3.584	48000	6753
khm_6753_4040892912.wav	ច្បាប់ ស្តីពី ការ ប្រឆាំង អំពើ ពុករលួយ	4.352	48000	6753
khm_6753_4050162517.wav	ប្រាក់ ឈ្នួល ជា មធ្យម នៅ ប្រទេស កម្ពុជា	4.267	48000	6753
khm_6753_4050233771.wav	វត្តមាន ព្រះ ពុទ្ធសាសនា នៅ កម្ពុជា	4.352	48000	6753
khm_6753_4059544795.wav	កប្បាស មាន ច្រើន នៅ ស្រុក រលាប្អៀរ	4.523	48000	6753
khm_6753_4060962100.wav	លោក ផលវរុណ ជា នាយក សាលា	3.499	48000	6753
khm_6753_4069923040.wav	សណ្ឋាគារ ហ្គុដមែន ហ្គន់ហ្សូ	3.84	48000	6753
khm_6753_4071342887.wav	ហ៊ីត្លែរ បាន ចូល ឈ្លានពាន សហភាព សូវៀត និង ម៉ារុក	6.229	48000	6753
khm_6753_4075800618.wav	បុព្វហេតុ នៃ ការ ចាក ចោល ក្រុង អង្គរ	4.096	48000	6753
khm_6753_4085206263.wav	អាឌីដាស ជា ក្រុមហ៊ុន លក់ ស្បែកជើង កីឡា	5.803	48000	6753
khm_6753_4093403857.wav	គូម៉ា ស្រលាញ់ អូន ស្មោះ បង ខុស មែន ទេ	4.267	48000	6753
khm_6753_4101565172.wav	ចង់ ធ្វើ សង្សារ ដែល ស្រលាញ់ គ្នា រហូត	4.437	48000	6753
khm_6753_4102427042.wav	ករណី ឆ្លង ជំងឺ គ្រុន ឈាម អេបូឡា នៅតែ បន្ត កើន ឡើង នៅ ទ្វីប អាហ្វ្រិក	9.216	48000	6753
khm_6753_4126412560.wav	ទឹក ស៊ុប គុយទាវ ឈ្ងុយឆ្ងាញ់ មិន ប្រើ ប៊ីចេង គឺ មាន តែ នៅ ភោជនីយដ្ឋាន ផាក កាហ្វេ	6.059	48000	6753
khm_6753_4127974318.wav	ចំណេះដឹង ប្រជា ជន ក្នុង វ័យ បន្ត ពូជ	4.523	48000	6753
khm_6753_4134361192.wav	គ្រឹះស្ថាន មីក្រូ ហិរញ្ញ វត្ថុ ចំរើន	3.755	48000	6753
khm_6753_4137081178.wav	ធនាគារ ឯកទេស ខេមខូ ផ្ដោត សំខាន់ លើ វិនិយោគទុន ក្នុង ស្រុក	5.461	48000	6753
khm_6753_4145672341.wav	បើ មិន អាច ទេ កុំ មក បំផើម គេ ចោល	4.267	48000	6753
khm_6753_4146676096.wav	គម្រោង វារី អគ្គិសនី ស្ទឹង អាតៃ មាន កម្លាំង មួយ រយ ម្ភៃ មេហ្កា វ៉ាត់	6.656	48000	6753
khm_6753_4148880837.wav	ភឺរី មក សាលា យឺត រហូត	3.157	48000	6753
khm_6753_4150678694.wav	អ្នក ភូមិ របស់ ខ្ញុំ បាន ទៅ ដើរ លេង នៅ ទីក្រុង ហ៊ូជីមិញ	5.205	48000	6753
khm_6753_4153230134.wav	ពែកមី និង ខ្ញុង ទៅ សម្ដែង នៅ រដ្ឋ កាលីហ្វ័រញ៉ា	4.523	48000	6753
khm_6753_4159553355.wav	ម្ទេស នេះ មាន ផ្លែ កន្តិញកន្តុញ	4.181	48000	6753
khm_6753_4169647169.wav	ខៀវ សាន សាណា ត្រៀម ដឹក ដៃ កូន ទៅ លេង ឪពុក នៅ កាណាដា	5.205	48000	6753
khm_6753_4170500721.wav	ស្មារតី យុវជន ជា បទ ចម្រៀង របស់ ករុណា ពេជ្រ	4.608	48000	6753
khm_6753_4173201712.wav	ប្រវត្តិ ក្រុម ប្រឹក្សា ធម្មនុញ្ញ	3.669	48000	6753
khm_6753_4174851815.wav	អ្នក ភូមិសាស្ត្រ ស្គាល់ ថា ក្រុមហ៊ុន កាណាឌីយ៉ា នៅ សង្កាត់ ព្រែកលៀប	5.888	48000	6753
khm_6753_4177724591.wav	ផ្ទះ របស់  សាំងហ្ស៊ក  នៅ ក្នុង ក្រុង  ហ្ស៊កថោន	4.523	48000	6753
khm_6753_4184535986.wav	តាម ផ្លូវ រថភ្លើង ប្រទេស អូទ្រីស	5.973	48000	6753
khm_6753_4190945201.wav	ភោជនីយដ្ឋាន អូរ រមីស បុប្ផា លាក់ ខ្លួន ក្រោម ស្ពាន ថ្ម នៅ មណ្ឌលគិរី	6.656	48000	6753
khm_6753_4194131614.wav	ចង់ បាន សៀវភៅ ថ្មី ថ្មី ទាល់ តែ ទៅ រក មើល នៅ បណ្ណាគារ នគរ ភ្នំ	5.376	48000	6753
khm_6753_4196235909.wav	វដ្ត មេរោគ គ្រុន ចាញ់ ក្នុង ខ្លួន មូស	3.84	48000	6753
khm_6753_4198440911.wav	ផាន់សៀរី ជា គ្រូ បង្រៀន គណិត វិទ្យា	4.181	48000	6753
khm_6753_4198918075.wav	កាបូរ៉ាទ័រ ជា ផ្នែក មួយ នៃ ម៉ូតូ ដែល យើង ស្គាល់ គ្រប់ គ្នា ថា បេន សាំង	5.632	48000	6753
khm_6753_4202056593.wav	ខ្ញុំ បាន បើក គណនី មួយ នៅ អេ អឹម ខេ	4.949	48000	6753
khm_6753_4204376595.wav	មាន ប្រពន្ធ ហើយ ម្តេច មិន ប្រាប់ អូន	3.925	48000	6753
khm_6753_4205791216.wav	ធឺន អង្គុយ លេង ភ្លេង	3.072	48000	6753
khm_6753_4207800558.wav	ប៉ុស្ដិ៍ ការពារ ព្រំដែន នៅ សំពៅលូន	4.267	48000	6753
khm_6753_4208088192.wav	ឈ្មោះ ខេត្ត ដែល មាន របាំ ប្រពៃណី ខ្មែរ	4.267	48000	6753
khm_6753_4220872775.wav	ច្បាប់ ស្តីពី តំបន់ ការពារ ធម្មជាតិ	4.011	48000	6753
khm_6753_4222048442.wav	បាន បញ្ជូន មក មន្ទីរពេទ្យ ពេទ្យ កាល់ម៉ែត	3.925	48000	6753
khm_6753_4225794123.wav	វិទ្យាស្ថាន ពហុ បច្ចេកទេស កម្ពុជា	4.352	48000	6753
khm_6753_4231159434.wav	ខោវប៊យ ឥឡូវ មាន ម៉ូត ស្អាត ស្អាត ណាស់	3.669	48000	6753
khm_6753_4233919582.wav	សំណូម ពរ រក្សា ស្រែ អំបិល ទុក ផលិត អំបិល	4.779	48000	6753
khm_6753_4235631165.wav	ឆ្ងល់ ណាស់ ថា អ៊ីរ៉ង់ មាន កន្លែង ទេសចរណ៍ ឬ អត់ ណ៎	5.973	48000	6753
khm_6753_4239331848.wav	លោក ឃ្លែរ ជា អ្នក វិទ្យាសាស្ត្រ ផ្នែក គីមី	3.584	48000	6753
khm_6753_4240400101.wav	ថេយ៉ុន មាន រាង ខ្ពស់ សង្ហា	3.755	48000	6753
khm_6753_4243584774.wav	ព្រះ រាជអាជ្ញា បាន ចុះ ប្រតិបត្តិ ឆែកឆេរ បុរី ប្រាំបួន រយ កៅ ប្រាំបួន នៅ ជាប់ វត្ត ចាក់អង្រែ ក្រោម	7.936	48000	6753
khm_6753_4246081146.wav	លង់ សម្រស់ ថៃល័រ ស្វីហ្វ ពេល នាង ឡើង ឆាក ហ្គ្រេមី	5.035	48000	6753
khm_6753_4246099615.wav	វប្បធម៌ ទូទៅ ទាក់ទង នឹង ប្រទេស កម្ពុជា	5.035	48000	6753
khm_6753_4249094207.wav	មន្ទីរ សំរាក ព្យាបាល និង សម្ភព ខេមា	3.755	48000	6753
khm_6753_4252375133.wav	ធ្វីតធើ មិន សូវ ពេញ និយម ទេ ក្នុង ប្រទេស កម្ពុជា យើង	6.912	48000	6753
khm_6753_4259548240.wav	ប្រវត្តិ នៃ ពិធី បុណ្យ សែន នំ ព្រះ ខែ	4.267	48000	6753
khm_6753_4261359977.wav	ហេតុការណ៍ នេះ បាន ធ្វើ ឱ្យ បុរស សង្ហារ ដើរ ពេញ ផ្លូវ ក្នុង រដ្ឋ ឈីកាហ្គោ	6.315	48000	6753
khm_6753_4268971859.wav	ព្រះ បាទ ហ៊ុន ទៀន បាន ធ្វើ សង្គ្រាម ចាញ់ ព្រះ នាង លីវយី	5.291	48000	6753
khm_6753_4271136840.wav	ឱក សុគន្ធ កញ្ញា បាន ធ្វើ ឱ្យ កក្រើក ឆាក រស្មី ហង្ស មាស	5.12	48000	6753
khm_6753_4275741197.wav	ប្រវត្តិ សម័យ កម្ពុជា ប្រជាធិបតេយ្យ	4.608	48000	6753
khm_6753_4277545682.wav	លោក ពូ រស់នៅ ភូមិ កំពង់ រទេះ សង្កាត់ កំពង់ រទេះ ក្រុង ស្ទឹងសែន	6.656	48000	6753
khm_6753_4278395341.wav	រចនា សម្ព័ន្ធ ដឹកនាំ ប្រទេស កម្ពុជា	4.352	48000	6753
khm_6753_4278915166.wav	វិទ្យាស្ថាន បណ្ដុះបណ្ដាល បច្ចេកទេស	4.096	48000	6753
khm_6753_4279322785.wav	អ៊ិចឆេង សេវា ថែទាំ រថយន្ត	3.413	48000	6753
khm_6753_4287112943.wav	ធនាគារ អេស៊ីលីដា ចាប់ ដៃគូ ជាមួយ ក្រុមហ៊ុន ព្រូដិនសល	8.021	48000	6753
